Workbook

Sheet _I
A1: Секції КВЕД | B1: назва секції КВЕД | C1: Критерії групування інформації за обсягом із розподілом по платниках (згідно поданої звітності) | D1: перша група | H1: друга група | L1: третя група (фізичні особи - підприємці) | AA1: 1200000 | AH1: 8300000 | AO1: 8300000
L2: платники з реєстрацією ПДВ | P2: платники без реєстрації ПДВ | T2: 2 група | U2: 2 група | V2: 2 група | W2: 2 група | X2: 2 група | Y2: 2 група | AA2: 1 група | AB2: 1 група | AC2: 1 група | AD2: 1 група | AE2: 1 група | AF2: 1 група | AH2: 3 група з ПДВ | AI2: 3 група з ПДВ | AJ2: 3 група з ПДВ | AK2: 3 група з ПДВ | AL2: 3 група з ПДВ | AM2: 3 група з ПДВ | AO2: 3 група без ПДВ | AP2: 3 група без ПДВ | AQ2: 3 група без ПДВ | AR2: 3 група без ПДВ | AS2: 3 група без ПДВ | AT2: 3 група без ПДВ | AW2: tech | AX2: tech
D3: кількість | E3: Обсяг доходу, (F01033, F01034) (код рядка 08), тис.грн. | F3: Надходження єдиного податку (1805), (станом на 01.01.2025) тис.грн. | G3: Надходження військового збору (11011700), (станом на 01.01.2025) тис.грн. | H3: кількість | I3: Обсяг доходу, (F01033, F01034) (код рядка 08), тис.грн. | J3: Надходження єдиного податку (1805), (станом на 01.01.2025) тис.грн. | K3: Надходження військового збору (11011700), (станом на 01.01.2025) тис.грн. | L3: кількість | M3: Обсяг доходу, (F01033, F01034) (код рядка 08), тис.грн. | N3: Надходження єдиного податку (1805), (станом на 01.01.2025) тис.грн. | O3: Надходження військового збору (11011700), (станом на 01.01.2025) тис.грн. | P3: кількість | Q3: Обсяг доходу, (F01033, F01034) (код рядка 08), тис.грн. | R3: Надходження єдиного податку (1805), (станом на 01.01.2025) тис.грн. | S3: Надходження військового збору (11011700), (станом на 01.01.2025) тис.грн. | T3: зміна кількості фопів | U3: ФОП-ів теоретично | V3: Середня виручка, тис грн | W3: Сумарна виручка в теорії | X3: Виручка на практиці | Y3: Аномалія понад нормою | AA3: =T3 -> зміна кількості фопів | AB3: =U3 -> ФОП-ів теоретично | AC3: =V3 -> Середня виручка, тис грн | AD3: =W3 -> Сумарна виручка в теорії | AE3: =X3 -> Виручка на практиці | AF3: =Y3 -> Аномалія понад нормою | AH3: =AA3 -> зміна кількості фопів | AI3: =AB3 -> ФОП-ів теоретично | AJ3: =AC3 -> Середня виручка, тис грн | AK3: =AD3 -> Сумарна виручка в теорії | AL3: =AE3 -> Виручка на практиці | AM3: =AF3 -> Аномалія понад нормою | AO3: =AH3 -> зміна кількості фопів | AP3: =AI3 -> ФОП-ів теоретично | AQ3: =AJ3 -> Середня виручка, тис грн | AR3: =AK3 -> Сумарна виручка в теорії | AS3: =AL3 -> Виручка на практиці | AT3: =AM3 -> Аномалія понад нормою | AW3: Нижн межа групи | AX3: Верхня межа групи
A4: _I | B4: Тимчасове розмiщування й органiзацiя харчування | C4: від 0 грн. до 49999,99 грн. | D4: 32 | E4: 302.27 | F4: 79.18391 | G4: 0 | H4: 3157 | I4: 21100.807 | J4: 29114.004 | K4: 105.21 | L4: 8 | M4: 0 | N4: 5.23987 | O4: 0 | P4: 2677 | Q4: 17406.319 | R4: 8589.8798 | S4: 5.6 | AE4: =SUMIFS(E4:E10000,$AX$4:$AX$10000,"<="&AA1) -> 0 | AF4: =SUMIFS(AF9:AF100000,AF9:AF100000,">0") -> 0 | AG4: Total | AL4: =SUMIFS(M4:M10000,$AX$4:$AX$10000,"<="&AH1) -> 0 | AM4: =SUMIFS(AM9:AM100000,AM9:AM100000,">0") -> 0 | AN4: Total | AS4: =SUMIFS(Q4:Q10000,$AX$4:$AX$10000,"<="&AO1) -> 0 | AT4: =SUMIFS(AT9:AT100000,AT9:AT100000,">0") -> 0 | AW4: =--MID(C4,FIND("від",C4)+4,FIND("грн",C4,FIND("від",C4))-FIND("від",C4)-4) -> 0 | AX4: =--MID(C4,FIND("до",C4)+3,FIND("грн",C4,FIND("до",C4))-FIND("до",C4)-3) -> #VALUE!
A5: _I | B5: Тимчасове розмiщування й органiзацiя харчування | C5: від 50000 грн. до 99999,99 грн. | D5: 14 | E5: 1067.251 | F5: 46.50105 | G5: 0 | H5: 726 | I5: 54913.364 | J5: 7452.856 | K5: 28.77 | L5: 3 | M5: 204.76609 | N5: 89.24549 | O5: 0 | P5: 419 | Q5: 30999.746 | R5: 1589.3481 | S5: 0.446 | AF5: =AF4/AE4 -> #DIV/0! | AG5: abuse index | AM5: =AM4/AL4 -> #DIV/0! | AN5: abuse index | AT5: =AT4/AS4 -> #DIV/0! | AW5: =--MID(C5,FIND("від",C5)+4,FIND("грн",C5,FIND("від",C5))-FIND("від",C5)-4) -> 50000 | AX5: =--MID(C5,FIND("до",C5)+3,FIND("грн",C5,FIND("до",C5))-FIND("до",C5)-3) -> #VALUE!
A6: _I | B6: Тимчасове розмiщування й органiзацiя харчування | C6: від 100000 грн. до 149999,99 грн. | D6: 17 | E6: 2042.0975 | F6: 62.48876 | G6: 0 | H6: 608 | I6: 75389.824 | J6: 6655.2211 | K6: 45.4 | L6: 1 | M6: 101.26252 | N6: 0.715 | O6: 0 | P6: 327 | Q6: 40327.137 | R6: 2593.1681 | S6: 0 | AW6: =--MID(C6,FIND("від",C6)+4,FIND("грн",C6,FIND("від",C6))-FIND("від",C6)-4) -> 100000 | AX6: =--MID(C6,FIND("до",C6)+3,FIND("грн",C6,FIND("до",C6))-FIND("до",C6)-3) -> #VALUE!
A7: _I | B7: Тимчасове розмiщування й органiзацiя харчування | C7: від 150000 грн. до 199999,99 грн. | D7: 6 | E7: 983.891 | F7: 21.3693 | G7: 0 | H7: 556 | I7: 97085.863 | J7: 6081.0272 | K7: 29.39 | L7: 1 | M7: 171.025 | N7: 13.33989 | O7: 0 | P7: 256 | Q7: 44386.64 | R7: 2327.5756 | S7: 0 | AW7: =--MID(C7,FIND("від",C7)+4,FIND("грн",C7,FIND("від",C7))-FIND("від",C7)-4) -> 150000 | AX7: =--MID(C7,FIND("до",C7)+3,FIND("грн",C7,FIND("до",C7))-FIND("до",C7)-3) -> #VALUE!
A8: _I | B8: Тимчасове розмiщування й органiзацiя харчування | C8: від 200000 грн. до 249999,99 грн. | D8: 5 | E8: 1144.8 | F8: 14.29493 | G8: 0 | H8: 594 | I8: 133246.38 | J8: 7199.2396 | K8: 35.25 | L8: 1 | M8: 216.51233 | N8: 8.33416 | O8: 0 | P8: 210 | Q8: 47049.983 | R8: 2251.4621 | S8: 0 | AW8: =--MID(C8,FIND("від",C8)+4,FIND("грн",C8,FIND("від",C8))-FIND("від",C8)-4) -> 200000 | AX8: =--MID(C8,FIND("до",C8)+3,FIND("грн",C8,FIND("до",C8))-FIND("до",C8)-3) -> #VALUE!
A9: _I | B9: Тимчасове розмiщування й органiзацiя харчування | C9: від 250000 грн. до 299999,99 грн. | D9: 7 | E9: 1840.053 | F9: 25.18017 | G9: 0 | H9: 571 | I9: 156493.92 | J9: 6799.1831 | K9: 33.92 | P9: 189 | Q9: 51603.544 | R9: 2352.577 | S9: 0 | T9: =AVERAGE(H5:H9)-AVERAGE(H10:H14) -> 151.6 | AA9: =IFERROR(AVERAGE(D5:D9)-AVERAGE(D10:D14),"-") -> 7 | AH9: =IFERROR(AVERAGE(L5:L9)-AVERAGE(L10:L14),"-") -> -0.5 | AO9: =AVERAGE(P5:P9)-AVERAGE(P10:P14) -> 150.8 | AW9: =--MID(C9,FIND("від",C9)+4,FIND("грн",C9,FIND("від",C9))-FIND("від",C9)-4) -> 250000 | AX9: =--MID(C9,FIND("до",C9)+3,FIND("грн",C9,FIND("до",C9))-FIND("до",C9)-3) -> #VALUE!
A10: _I | B10: Тимчасове розмiщування й органiзацiя харчування | C10: від 300000 грн. до 349999,99 грн. | D10: 3 | E10: 913.65 | F10: 9.4732 | G10: 0 | H10: 470 | I10: 151714.72 | J10: 5624.5012 | K10: 20.161 | L10: 3 | M10: 1026.9205 | N10: 48.4311 | O10: 0 | P10: 143 | Q10: 46343.981 | R10: 2305.0997 | S10: 0 | T10: =AVERAGE(H6:H10)-AVERAGE(H11:H15) -> 106.2 | AA10: =IFERROR(AVERAGE(D6:D10)-AVERAGE(D11:D15),"-") -> 5 | AH10: =IFERROR(AVERAGE(L6:L10)-AVERAGE(L11:L15),"-") -> 0.5 | AO10: =AVERAGE(P6:P10)-AVERAGE(P11:P15) -> 100 | AW10: =--MID(C10,FIND("від",C10)+4,FIND("грн",C10,FIND("від",C10))-FIND("від",C10)-4) -> 300000 | AX10: =--MID(C10,FIND("до",C10)+3,FIND("грн",C10,FIND("до",C10))-FIND("до",C10)-3) -> #VALUE!
A11: _I | B11: Тимчасове розмiщування й органiзацiя харчування | C11: від 350000 грн. до 399999,99 грн. | D11: 3 | E11: 1133.795 | F11: 6.6233 | G11: 0 | H11: 508 | I11: 189711.29 | J11: 6293.131 | K11: 28.66 | P11: 141 | Q11: 52805.888 | R11: 2216.3821 | S11: 0.285 | T11: =AVERAGE(H7:H11)-AVERAGE(H12:H16) -> 104.4 | AA11: =IFERROR(AVERAGE(D7:D11)-AVERAGE(D12:D16),"-") -> 2 | AH11: =IFERROR(AVERAGE(L7:L11)-AVERAGE(L12:L16),"-") -> 0.66666667 | AO11: =AVERAGE(P7:P11)-AVERAGE(P12:P16) -> 72.8 | AW11: =--MID(C11,FIND("від",C11)+4,FIND("грн",C11,FIND("від",C11))-FIND("від",C11)-4) -> 350000 | AX11: =--MID(C11,FIND("до",C11)+3,FIND("грн",C11,FIND("до",C11))-FIND("до",C11)-3) -> #VALUE!
A12: _I | B12: Тимчасове розмiщування й органiзацiя харчування | C12: від 400000 грн. до 449999,99 грн. | D12: 3 | E12: 1269 | F12: 10.813 | G12: 0 | H12: 442 | I12: 187254.03 | J12: 5415.0621 | K12: 34.46 | L12: 1 | M12: 413.697 | N12: 16.247 | O12: 0 | P12: 140 | Q12: 59377.876 | R12: 2812.2328 | S12: 3.511 | T12: =AVERAGE(H8:H12)-AVERAGE(H13:H17) -> 98.8 | AA12: =IFERROR(AVERAGE(D8:D12)-AVERAGE(D13:D17),"-") -> 1.6 | AH12: =IFERROR(AVERAGE(L8:L12)-AVERAGE(L13:L17),"-") -> - | AO12: =AVERAGE(P8:P12)-AVERAGE(P13:P17) -> 58.2 | AW12: =--MID(C12,FIND("від",C12)+4,FIND("грн",C12,FIND("від",C12))-FIND("від",C12)-4) -> 400000 | AX12: =--MID(C12,FIND("до",C12)+3,FIND("грн",C12,FIND("до",C12))-FIND("до",C12)-3) -> #VALUE!
A13: _I | B13: Тимчасове розмiщування й органiзацiя харчування | C13: від 450000 грн. до 499999,99 грн. | D13: 1 | E13: 495 | F13: 3.057 | G13: 0 | H13: 432 | I13: 204846.35 | J13: 5398.2583 | K13: 24.57495 | P13: 123 | Q13: 58365.386 | R13: 2874.6692 | S13: 2.13 | T13: =AVERAGE(H9:H13)-AVERAGE(H14:H18) -> 76.8 | AA13: =IFERROR(AVERAGE(D9:D13)-AVERAGE(D14:D18),"-") -> 0.4 | AH13: =IFERROR(AVERAGE(L9:L13)-AVERAGE(L14:L18),"-") -> - | AO13: =AVERAGE(P9:P13)-AVERAGE(P14:P18) -> 46.4 | AW13: =--MID(C13,FIND("від",C13)+4,FIND("грн",C13,FIND("від",C13))-FIND("від",C13)-4) -> 450000 | AX13: =--MID(C13,FIND("до",C13)+3,FIND("грн",C13,FIND("до",C13))-FIND("до",C13)-3) -> #VALUE!
A14: _I | B14: Тимчасове розмiщування й органiзацiя харчування | C14: від 500000 грн. до 549999,99 грн. | D14: 4 | E14: 2114.432 | F14: 13.10244 | G14: 0 | H14: 445 | I14: 233096.71 | J14: 5690.2369 | K14: 23.145 | P14: 100 | Q14: 52153.987 | R14: 2379.2148 | S14: 0 | T14: =AVERAGE(H10:H14)-AVERAGE(H15:H19) -> 74.2 | AA14: =IFERROR(AVERAGE(D10:D14)-AVERAGE(D15:D19),"-") -> 0 | AH14: =IFERROR(AVERAGE(L10:L14)-AVERAGE(L15:L19),"-") -> 1 | AO14: =AVERAGE(P10:P14)-AVERAGE(P15:P19) -> 33.4 | AW14: =--MID(C14,FIND("від",C14)+4,FIND("грн",C14,FIND("від",C14))-FIND("від",C14)-4) -> 500000 | AX14: =--MID(C14,FIND("до",C14)+3,FIND("грн",C14,FIND("до",C14))-FIND("до",C14)-3) -> #VALUE!
A15: _I | B15: Тимчасове розмiщування й органiзацiя харчування | C15: від 550000 грн. до 599999,99 грн. | D15: 2 | E15: 1115.28 | F15: 6.2336 | G15: 0 | H15: 441 | I15: 253625.06 | J15: 5733.3164 | K15: 38.1 | P15: 121 | Q15: 69362.329 | R15: 2921.012 | S15: 0 | T15: =AVERAGE(H11:H15)-AVERAGE(H16:H20) -> 84 | AA15: =IFERROR(AVERAGE(D11:D15)-AVERAGE(D16:D20),"-") -> -0.2 | AH15: =IFERROR(AVERAGE(L11:L15)-AVERAGE(L16:L20),"-") -> 0 | AO15: =AVERAGE(P11:P15)-AVERAGE(P16:P20) -> 40.4 | AW15: =--MID(C15,FIND("від",C15)+4,FIND("грн",C15,FIND("від",C15))-FIND("від",C15)-4) -> 550000 | AX15: =--MID(C15,FIND("до",C15)+3,FIND("грн",C15,FIND("до",C15))-FIND("до",C15)-3) -> #VALUE!
A16: _I | B16: Тимчасове розмiщування й органiзацiя харчування | C16: від 600000 грн. до 649999,99 грн. | D16: 4 | E16: 2463.223 | F16: 13.0222 | G16: 0 | H16: 417 | I16: 260911.46 | J16: 5511.5738 | K16: 28.15 | P16: 91 | Q16: 56805.475 | R16: 3029.3927 | S16: 0.8 | T16: =AVERAGE(H12:H16)-AVERAGE(H17:H21) -> 77.2 | AA16: =IFERROR(AVERAGE(D12:D16)-AVERAGE(D17:D21),"-") -> -0.2 | AH16: =IFERROR(AVERAGE(L12:L16)-AVERAGE(L17:L21),"-") -> 0 | AO16: =AVERAGE(P12:P16)-AVERAGE(P17:P21) -> 33.8 | AW16: =--MID(C16,FIND("від",C16)+4,FIND("грн",C16,FIND("від",C16))-FIND("від",C16)-4) -> 600000 | AX16: =--MID(C16,FIND("до",C16)+3,FIND("грн",C16,FIND("до",C16))-FIND("до",C16)-3) -> #VALUE!
A17: _I | B17: Тимчасове розмiщування й органiзацiя харчування | C17: від 650000 грн. до 699999,99 грн. | D17: 2 | E17: 1348.42 | F17: 10.6124 | G17: 0 | H17: 356 | I17: 240164.79 | J17: 4334.4037 | K17: 20.6 | P17: 97 | Q17: 65532.087 | R17: 3098.1679 | S17: 0 | T17: =AVERAGE(H13:H17)-AVERAGE(H18:H22) -> 50.8 | AA17: =IFERROR(AVERAGE(D13:D17)-AVERAGE(D18:D22),"-") -> -1.4 | AB17: =AVERAGE(D13:D17) -> 2.6 | AC17: =AVERAGE(AW17:AX17)/1000 -> #VALUE! | AD17: =IF(AA17<-0.4,AB17*AC17,0) -> #VALUE! | AE17: =IF(AD17=0,0,E17) -> #VALUE! | AF17: =IFERROR(AE17-AD17,0) -> 0 | AH17: =IFERROR(AVERAGE(L13:L17)-AVERAGE(L18:L22),"-") -> - | AO17: =AVERAGE(P13:P17)-AVERAGE(P18:P22) -> 29.6 | AW17: =--MID(C17,FIND("від",C17)+4,FIND("грн",C17,FIND("від",C17))-FIND("від",C17)-4) -> 650000 | AX17: =--MID(C17,FIND("до",C17)+3,FIND("грн",C17,FIND("до",C17))-FIND("до",C17)-3) -> #VALUE!
A18: _I | B18: Тимчасове розмiщування й органiзацiя харчування | C18: від 700000 грн. до 749999,99 грн. | D18: 3 | E18: 2156.7 | F18: 11.685 | G18: 0 | H18: 380 | I18: 275873.81 | J18: 5036.6654 | K18: 25.96554 | P18: 95 | Q18: 68803.91 | R18: 2930.1633 | S18: 0 | T18: =AVERAGE(H14:H18)-AVERAGE(H19:H23) -> 42.8 | AA18: =IFERROR(AVERAGE(D14:D18)-AVERAGE(D19:D23),"-") -> -2 | AB18: =AB17 -> 2.6 | AC18: =AVERAGE(AW18:AX18)/1000 -> #VALUE! | AD18: =IF(AA18<-0.4,AB18*AC18,0) -> #VALUE! | AE18: =IF(AD18=0,0,E18) -> #VALUE! | AF18: =IFERROR(AE18-AD18,0) -> 0 | AG18: =AC18-AC17 -> #VALUE! | AH18: =IFERROR(AVERAGE(L14:L18)-AVERAGE(L19:L23),"-") -> - | AO18: =AVERAGE(P14:P18)-AVERAGE(P19:P23) -> 31.8 | AW18: =--MID(C18,FIND("від",C18)+4,FIND("грн",C18,FIND("від",C18))-FIND("від",C18)-4) -> 700000 | AX18: =--MID(C18,FIND("до",C18)+3,FIND("грн",C18,FIND("до",C18))-FIND("до",C18)-3) -> #VALUE!
A19: _I | B19: Тимчасове розмiщування й органiзацiя харчування | C19: від 750000 грн. до 799999,99 грн. | D19: 3 | E19: 2320.7454 | F19: 10.5408 | G19: 0 | H19: 332 | I19: 257258.58 | J19: 4504.2701 | K19: 22.82 | L19: 1 | M19: 799.71442 | N19: 27.41 | O19: 0 | P19: 76 | Q19: 58828.334 | R19: 2773.6022 | S19: 0 | T19: =AVERAGE(H15:H19)-AVERAGE(H20:H24) -> 17.6 | AA19: =IFERROR(AVERAGE(D15:D19)-AVERAGE(D20:D24),"-") -> -2.7 | AB19: =AB18 -> 2.6 | AC19: =AVERAGE(AW19:AX19)/1000 -> #VALUE! | AD19: =IF(AA19<-0.4,AB19*AC19,0) -> #VALUE! | AE19: =IF(AD19=0,0,E19) -> #VALUE! | AF19: =IFERROR(AE19-AD19,0) -> 0 | AG19: =AC19-AC18 -> #VALUE! | AH19: =IFERROR(AVERAGE(L15:L19)-AVERAGE(L20:L24),"-") -> - | AO19: =AVERAGE(P15:P19)-AVERAGE(P20:P24) -> 26 | AW19: =--MID(C19,FIND("від",C19)+4,FIND("грн",C19,FIND("від",C19))-FIND("від",C19)-4) -> 750000 | AX19: =--MID(C19,FIND("до",C19)+3,FIND("грн",C19,FIND("до",C19))-FIND("до",C19)-3) -> #VALUE!
A20: _I | B20: Тимчасове розмiщування й органiзацiя харчування | C20: від 800000 грн. до 849999,99 грн. | D20: 2 | E20: 1606.245 | F20: 6.9668 | G20: 0.8 | H20: 363 | I20: 298818.58 | J20: 4746.0294 | K20: 34.8706 | P20: 64 | Q20: 53021.142 | R20: 2352.8118 | S20: 0.71 | T20: =AVERAGE(H16:H20)-AVERAGE(H21:H25) -> 12 | AA20: =IFERROR(AVERAGE(D16:D20)-AVERAGE(D21:D25),"-") -> -2.95 | AB20: =AB19 -> 2.6 | AC20: =AVERAGE(AW20:AX20)/1000 -> #VALUE! | AD20: =IF(AA20<-0.4,AB20*AC20,0) -> #VALUE! | AE20: =IF(AD20=0,0,E20) -> #VALUE! | AF20: =IFERROR(AE20-AD20,0) -> 0 | AG20: =AC20-AC19 -> #VALUE! | AH20: =IFERROR(AVERAGE(L16:L20)-AVERAGE(L21:L25),"-") -> - | AO20: =AVERAGE(P16:P20)-AVERAGE(P21:P25) -> 14.6 | AW20: =--MID(C20,FIND("від",C20)+4,FIND("грн",C20,FIND("від",C20))-FIND("від",C20)-4) -> 800000 | AX20: =--MID(C20,FIND("до",C20)+3,FIND("грн",C20,FIND("до",C20))-FIND("до",C20)-3) -> #VALUE!
A21: _I | B21: Тимчасове розмiщування й органiзацiя харчування | C21: від 850000 грн. до 899999,99 грн. | D21: 5 | E21: 4348.34 | F21: 11.8092 | G21: 0 | H21: 360 | I21: 314693.02 | J21: 4659.3997 | K21: 22.91 | P21: 74 | Q21: 64675.536 | R21: 2912.8015 | S21: 0 | T21: =AVERAGE(H17:H21)-AVERAGE(H22:H26) -> 4.4 | AA21: =IFERROR(AVERAGE(D17:D21)-AVERAGE(D22:D26),"-") -> -2 | AB21: =AB20 -> 2.6 | AC21: =AVERAGE(AW21:AX21)/1000 -> #VALUE! | AD21: =IF(AA21<-0.4,AB21*AC21,0) -> #VALUE! | AE21: =IF(AD21=0,0,E21) -> #VALUE! | AF21: =IFERROR(AE21-AD21,0) -> 0 | AG21: =AC21-AC20 -> #VALUE! | AH21: =IFERROR(AVERAGE(L17:L21)-AVERAGE(L22:L26),"-") -> 0 | AO21: =AVERAGE(P17:P21)-AVERAGE(P22:P26) -> 15.2 | AW21: =--MID(C21,FIND("від",C21)+4,FIND("грн",C21,FIND("від",C21))-FIND("від",C21)-4) -> 850000 | AX21: =--MID(C21,FIND("до",C21)+3,FIND("грн",C21,FIND("до",C21))-FIND("до",C21)-3) -> #VALUE!
A22: _I | B22: Тимчасове розмiщування й органiзацiя харчування | C22: від 900000 грн. до 949999,99 грн. | D22: 7 | E22: 6403.9551 | F22: 24.4046 | G22: 0.8 | H22: 402 | I22: 371459.69 | J22: 5264.7212 | K22: 20.96 | P22: 75 | Q22: 69336.854 | R22: 3105.6595 | S22: 0.8 | T22: =AVERAGE(H18:H22)-AVERAGE(H23:H27) -> 33.6 | AA22: =IFERROR(AVERAGE(D18:D22)-AVERAGE(D23:D27),"-") -> 0 | AB22: =AB21 -> 2.6 | AC22: =AVERAGE(AW22:AX22)/1000 -> #VALUE! | AD22: =IF(AA22<-0.4,AB22*AC22,0) -> 0 | AE22: =IF(AD22=0,0,E22) -> 0 | AF22: =IFERROR(AE22-AD22,0) -> 0 | AG22: =AC22-AC21 -> #VALUE! | AH22: =IFERROR(AVERAGE(L18:L22)-AVERAGE(L23:L27),"-") -> 0 | AO22: =AVERAGE(P18:P22)-AVERAGE(P23:P27) -> 14.2 | AW22: =--MID(C22,FIND("від",C22)+4,FIND("грн",C22,FIND("від",C22))-FIND("від",C22)-4) -> 900000 | AX22: =--MID(C22,FIND("до",C22)+3,FIND("грн",C22,FIND("до",C22))-FIND("до",C22)-3) -> #VALUE!
A23: _I | B23: Тимчасове розмiщування й органiзацiя харчування | C23: від 950000 грн. до 999999,99 грн. | D23: 8 | E23: 7843.142 | F23: 29.9678 | G23: 0 | H23: 368 | I23: 359051.63 | J23: 5013.2539 | K23: 28.155 | P23: 56 | Q23: 54660.296 | R23: 2220.3453 | S23: 0 | T23: =AVERAGE(H19:H23)-AVERAGE(H24:H28) -> 40 | AH23: =IFERROR(AVERAGE(L19:L23)-AVERAGE(L24:L28),"-") -> 0 | AO23: =AVERAGE(P19:P23)-AVERAGE(P24:P28) -> 6.6 | AW23: =--MID(C23,FIND("від",C23)+4,FIND("грн",C23,FIND("від",C23))-FIND("від",C23)-4) -> 950000 | AX23: =--MID(C23,FIND("до",C23)+3,FIND("грн",C23,FIND("до",C23))-FIND("до",C23)-3) -> #VALUE!
A24: _I | B24: Тимчасове розмiщування й органiзацiя харчування | C24: від 1000000 грн. до 1049999,99 грн. | H24: 345 | I24: 353356.05 | J24: 4679.4171 | K24: 23.71 | P24: 81 | Q24: 82790.331 | R24: 3512.0716 | S24: 0 | T24: =AVERAGE(H20:H24)-AVERAGE(H25:H29) -> 49.8 | AH24: =IFERROR(AVERAGE(L20:L24)-AVERAGE(L25:L29),"-") -> - | AO24: =AVERAGE(P20:P24)-AVERAGE(P25:P29) -> 13.2 | AW24: =--MID(C24,FIND("від",C24)+4,FIND("грн",C24,FIND("від",C24))-FIND("від",C24)-4) -> 1000000 | AX24: =--MID(C24,FIND("до",C24)+3,FIND("грн",C24,FIND("до",C24))-FIND("до",C24)-3) -> #VALUE!
A25: _I | B25: Тимчасове розмiщування й органiзацiя харчування | C25: від 1050000 грн. до 1099999,99 грн. | D25: 3 | E25: 3217.128 | F25: 10.13786 | G25: 0 | H25: 313 | I25: 336324.03 | J25: 4237.1272 | K25: 31.01 | P25: 64 | Q25: 69026.814 | R25: 3259.3953 | S25: 1.42 | T25: =AVERAGE(H21:H25)-AVERAGE(H26:H30) -> 46.6 | AH25: =IFERROR(AVERAGE(L21:L25)-AVERAGE(L26:L30),"-") -> - | AO25: =AVERAGE(P21:P25)-AVERAGE(P26:P30) -> 16.6 | AW25: =--MID(C25,FIND("від",C25)+4,FIND("грн",C25,FIND("від",C25))-FIND("від",C25)-4) -> 1050000 | AX25: =--MID(C25,FIND("до",C25)+3,FIND("грн",C25,FIND("до",C25))-FIND("до",C25)-3) -> #VALUE!
A26: _I | B26: Тимчасове розмiщування й органiзацiя харчування | C26: від 1100000 грн. до 1149999,99 грн. | D26: 2 | E26: 2235.5 | F26: 8.1188 | G26: 0 | H26: 341 | I26: 383475.59 | J26: 4764.1983 | K26: 16.96 | L26: 1 | M26: 1141.1272 | N26: 11.53383 | O26: 0 | P26: 54 | Q26: 60806.196 | R26: 2702.3168 | S26: 0 | T26: =AVERAGE(H22:H26)-AVERAGE(H27:H31) -> 49 | AH26: =IFERROR(AVERAGE(L22:L26)-AVERAGE(L27:L31),"-") -> 0 | AO26: =AVERAGE(P22:P26)-AVERAGE(P27:P31) -> 14.8 | AW26: =--MID(C26,FIND("від",C26)+4,FIND("грн",C26,FIND("від",C26))-FIND("від",C26)-4) -> 1100000 | AX26: =--MID(C26,FIND("до",C26)+3,FIND("грн",C26,FIND("до",C26))-FIND("до",C26)-3) -> #VALUE!
A27: _I | B27: Тимчасове розмiщування й органiзацiя харчування | C27: від 1150000 грн. до 1199999,99 грн. | D27: 3 | E27: 3503.008 | F27: 16.8704 | G27: 0 | H27: 302 | I27: 354721.79 | J27: 4110.7871 | K27: 21.04 | P27: 58 | Q27: 68063.925 | R27: 3627.4978 | S27: 0 | T27: =AVERAGE(H23:H27)-AVERAGE(H28:H32) -> 31 | AH27: =IFERROR(AVERAGE(L23:L27)-AVERAGE(L28:L32),"-") -> 0 | AO27: =AVERAGE(P23:P27)-AVERAGE(P28:P32) -> 14.2 | AW27: =--MID(C27,FIND("від",C27)+4,FIND("грн",C27,FIND("від",C27))-FIND("від",C27)-4) -> 1150000 | AX27: =--MID(C27,FIND("до",C27)+3,FIND("грн",C27,FIND("до",C27))-FIND("до",C27)-3) -> #VALUE!
A28: _I | B28: Тимчасове розмiщування й органiзацiя харчування | C28: від 1200000 грн. до 1249999,99 грн. | H28: 324 | I28: 396354.6 | J28: 4284.6953 | K28: 29.75 | P28: 55 | Q28: 67333.853 | R28: 2830.462 | S28: 0 | T28: =AVERAGE(H24:H28)-AVERAGE(H29:H33) -> 30.8 | AH28: =IFERROR(AVERAGE(L24:L28)-AVERAGE(L29:L33),"-") -> 0 | AO28: =AVERAGE(P24:P28)-AVERAGE(P29:P33) -> 17 | AW28: =--MID(C28,FIND("від",C28)+4,FIND("грн",C28,FIND("від",C28))-FIND("від",C28)-4) -> 1200000 | AX28: =--MID(C28,FIND("до",C28)+3,FIND("грн",C28,FIND("до",C28))-FIND("до",C28)-3) -> #VALUE!
A29: _I | B29: Тимчасове розмiщування й органiзацiя харчування | C29: від 1250000 грн. до 1299999,99 грн. | H29: 309 | I29: 393951.95 | J29: 4200.6011 | K29: 31.79 | L29: 1 | M29: 1265.9447 | N29: 34.5967 | O29: 0 | P29: 53 | Q29: 67588.011 | R29: 3004.9027 | S29: 0 | T29: =AVERAGE(H25:H29)-AVERAGE(H30:H34) -> 30.2 | AA29: =IFERROR(AVERAGE(D25:D29)-AVERAGE(D30:D34),"-") -> - | AH29: =IFERROR(AVERAGE(L25:L29)-AVERAGE(L30:L34),"-") -> 0 | AO29: =AVERAGE(P25:P29)-AVERAGE(P30:P34) -> 12.2 | AW29: =--MID(C29,FIND("від",C29)+4,FIND("грн",C29,FIND("від",C29))-FIND("від",C29)-4) -> 1250000 | AX29: =--MID(C29,FIND("до",C29)+3,FIND("грн",C29,FIND("до",C29))-FIND("до",C29)-3) -> #VALUE!
A30: _I | B30: Тимчасове розмiщування й органiзацiя харчування | C30: від 1300000 грн. до 1349999,99 грн. | H30: 279 | I30: 369834.16 | J30: 3763.41 | K30: 24.95 | P30: 47 | Q30: 62175.43 | R30: 2916.1147 | S30: 0 | T30: =AVERAGE(H26:H30)-AVERAGE(H31:H35) -> 25.6 | AA30: =IFERROR(AVERAGE(D26:D30)-AVERAGE(D31:D35),"-") -> - | AH30: =IFERROR(AVERAGE(L26:L30)-AVERAGE(L31:L35),"-") -> 0 | AO30: =AVERAGE(P26:P30)-AVERAGE(P31:P35) -> 12.2 | AW30: =--MID(C30,FIND("від",C30)+4,FIND("грн",C30,FIND("від",C30))-FIND("від",C30)-4) -> 1300000 | AX30: =--MID(C30,FIND("до",C30)+3,FIND("грн",C30,FIND("до",C30))-FIND("до",C30)-3) -> #VALUE!
A31: _I | B31: Тимчасове розмiщування й органiзацiя харчування | C31: від 1350000 грн. до 1399999,99 грн. | H31: 310 | I31: 426115.71 | J31: 4133.7579 | K31: 26.46 | L31: 1 | M31: 1383.1607 | N31: 72.94064 | O31: 0 | P31: 43 | Q31: 59044.51 | R31: 2620.4105 | S31: 0 | T31: =AVERAGE(H27:H31)-AVERAGE(H32:H36) -> 29.6 | AA31: =IFERROR(AVERAGE(D27:D31)-AVERAGE(D32:D36),"-") -> - | AH31: =IFERROR(AVERAGE(L27:L31)-AVERAGE(L32:L36),"-") -> 0 | AO31: =AVERAGE(P27:P31)-AVERAGE(P32:P36) -> 11.2 | AW31: =--MID(C31,FIND("від",C31)+4,FIND("грн",C31,FIND("від",C31))-FIND("від",C31)-4) -> 1350000 | AX31: =--MID(C31,FIND("до",C31)+3,FIND("грн",C31,FIND("до",C31))-FIND("до",C31)-3) -> #VALUE!
A32: _I | B32: Тимчасове розмiщування й органiзацiя харчування | C32: від 1400000 грн. до 1449999,99 грн. | H32: 292 | I32: 416405.94 | J32: 4052.5322 | K32: 25.31 | P32: 44 | Q32: 62763.145 | R32: 3097.2167 | S32: 0 | T32: =AVERAGE(H28:H32)-AVERAGE(H33:H37) -> 30.4 | AA32: =IFERROR(AVERAGE(D28:D32)-AVERAGE(D33:D37),"-") -> - | AH32: =IFERROR(AVERAGE(L28:L32)-AVERAGE(L33:L37),"-") -> 0 | AO32: =AVERAGE(P28:P32)-AVERAGE(P33:P37) -> 10.4 | AW32: =--MID(C32,FIND("від",C32)+4,FIND("грн",C32,FIND("від",C32))-FIND("від",C32)-4) -> 1400000 | AX32: =--MID(C32,FIND("до",C32)+3,FIND("грн",C32,FIND("до",C32))-FIND("до",C32)-3) -> #VALUE!
A33: _I | B33: Тимчасове розмiщування й органiзацiя харчування | C33: від 1450000 грн. до 1499999,99 грн. | H33: 281 | I33: 414169.91 | J33: 3793.5357 | K33: 35.44 | P33: 40 | Q33: 59164.352 | R33: 2859.0254 | S33: 0 | T33: =AVERAGE(H29:H33)-AVERAGE(H34:H38) -> 25 | AA33: =IFERROR(AVERAGE(D29:D33)-AVERAGE(D34:D38),"-") -> - | AH33: =IFERROR(AVERAGE(L29:L33)-AVERAGE(L34:L38),"-") -> 0 | AO33: =AVERAGE(P29:P33)-AVERAGE(P34:P38) -> 8.2 | AW33: =--MID(C33,FIND("від",C33)+4,FIND("грн",C33,FIND("від",C33))-FIND("від",C33)-4) -> 1450000 | AX33: =--MID(C33,FIND("до",C33)+3,FIND("грн",C33,FIND("до",C33))-FIND("до",C33)-3) -> #VALUE!
A34: _I | B34: Тимчасове розмiщування й органiзацiя харчування | C34: від 1500000 грн. до 1549999,99 грн. | H34: 276 | I34: 420917.13 | J34: 3828.2883 | K34: 21.42 | L34: 1 | M34: 1546.4927 | N34: 45.52853 | O34: 0 | P34: 49 | Q34: 74645.909 | R34: 3032.8512 | S34: 0.71 | T34: =AVERAGE(H30:H34)-AVERAGE(H35:H39) -> 23.4 | AA34: =IFERROR(AVERAGE(D30:D34)-AVERAGE(D35:D39),"-") -> - | AH34: =IFERROR(AVERAGE(L30:L34)-AVERAGE(L35:L39),"-") -> 0 | AO34: =AVERAGE(P30:P34)-AVERAGE(P35:P39) -> 12.8 | AW34: =--MID(C34,FIND("від",C34)+4,FIND("грн",C34,FIND("від",C34))-FIND("від",C34)-4) -> 1500000 | AX34: =--MID(C34,FIND("до",C34)+3,FIND("грн",C34,FIND("до",C34))-FIND("до",C34)-3) -> #VALUE!
A35: _I | B35: Тимчасове розмiщування й органiзацiя харчування | C35: від 1550000 грн. до 1599999,99 грн. | H35: 268 | I35: 422213.81 | J35: 3701.2932 | K35: 20.25 | P35: 30 | Q35: 47117.36 | R35: 1931.4592 | S35: 0 | T35: =AVERAGE(H31:H35)-AVERAGE(H36:H40) -> 25.8 | AA35: =IFERROR(AVERAGE(D31:D35)-AVERAGE(D36:D40),"-") -> - | AH35: =IFERROR(AVERAGE(L31:L35)-AVERAGE(L36:L40),"-") -> 0 | AO35: =AVERAGE(P31:P35)-AVERAGE(P36:P40) -> 8.8 | AW35: =--MID(C35,FIND("від",C35)+4,FIND("грн",C35,FIND("від",C35))-FIND("від",C35)-4) -> 1550000 | AX35: =--MID(C35,FIND("до",C35)+3,FIND("грн",C35,FIND("до",C35))-FIND("до",C35)-3) -> #VALUE!
A36: _I | B36: Тимчасове розмiщування й органiзацiя харчування | C36: від 1600000 грн. до 1649999,99 грн. | H36: 259 | I36: 420476.72 | J36: 3752.7247 | K36: 25.75 | P36: 37 | Q36: 60188.291 | R36: 2399.9043 | S36: 0 | T36: =AVERAGE(H32:H36)-AVERAGE(H37:H41) -> 22.8 | AA36: =IFERROR(AVERAGE(D32:D36)-AVERAGE(D37:D41),"-") -> - | AH36: =IFERROR(AVERAGE(L32:L36)-AVERAGE(L37:L41),"-") -> 0 | AO36: =AVERAGE(P32:P36)-AVERAGE(P37:P41) -> 10.2 | AW36: =--MID(C36,FIND("від",C36)+4,FIND("грн",C36,FIND("від",C36))-FIND("від",C36)-4) -> 1600000 | AX36: =--MID(C36,FIND("до",C36)+3,FIND("грн",C36,FIND("до",C36))-FIND("до",C36)-3) -> #VALUE!
A37: _I | B37: Тимчасове розмiщування й органiзацiя харчування | C37: від 1650000 грн. до 1699999,99 грн. | H37: 278 | I37: 465705.98 | J37: 3760.2692 | K37: 24.945 | P37: 34 | Q37: 56933.887 | R37: 2802.9597 | S37: 0 | T37: =AVERAGE(H33:H37)-AVERAGE(H38:H42) -> 32.4 | AA37: =IFERROR(AVERAGE(D33:D37)-AVERAGE(D38:D42),"-") -> - | AH37: =IFERROR(AVERAGE(L33:L37)-AVERAGE(L38:L42),"-") -> 0 | AO37: =AVERAGE(P33:P37)-AVERAGE(P38:P42) -> 9.8 | AW37: =--MID(C37,FIND("від",C37)+4,FIND("грн",C37,FIND("від",C37))-FIND("від",C37)-4) -> 1650000 | AX37: =--MID(C37,FIND("до",C37)+3,FIND("грн",C37,FIND("до",C37))-FIND("до",C37)-3) -> #VALUE!
A38: _I | B38: Тимчасове розмiщування й органiзацiя харчування | C38: від 1700000 грн. до 1749999,99 грн. | H38: 265 | I38: 457125.89 | J38: 3544.7406 | K38: 23.89 | L38: 1 | M38: 1731.726 | N38: 67.232 | O38: 0 | P38: 36 | Q38: 62112.174 | R38: 2680.6224 | S38: 0 | T38: =AVERAGE(H34:H38)-AVERAGE(H39:H43) -> 36.8 | AA38: =IFERROR(AVERAGE(D34:D38)-AVERAGE(D39:D43),"-") -> - | AH38: =IFERROR(AVERAGE(L34:L38)-AVERAGE(L39:L43),"-") -> - | AO38: =AVERAGE(P34:P38)-AVERAGE(P39:P43) -> 10.4 | AW38: =--MID(C38,FIND("від",C38)+4,FIND("грн",C38,FIND("від",C38))-FIND("від",C38)-4) -> 1700000 | AX38: =--MID(C38,FIND("до",C38)+3,FIND("грн",C38,FIND("до",C38))-FIND("до",C38)-3) -> #VALUE!
A39: _I | B39: Тимчасове розмiщування й органiзацiя харчування | C39: від 1750000 грн. до 1799999,99 грн. | H39: 251 | I39: 445551.28 | J39: 3623.0635 | K39: 25.84 | P39: 22 | Q39: 39146.693 | R39: 1496.9347 | S39: 0 | T39: =AVERAGE(H35:H39)-AVERAGE(H40:H44) -> 43.4 | AA39: =IFERROR(AVERAGE(D35:D39)-AVERAGE(D40:D44),"-") -> - | AH39: =IFERROR(AVERAGE(L35:L39)-AVERAGE(L40:L44),"-") -> - | AO39: =AVERAGE(P35:P39)-AVERAGE(P40:P44) -> 2.6 | AW39: =--MID(C39,FIND("від",C39)+4,FIND("грн",C39,FIND("від",C39))-FIND("від",C39)-4) -> 1750000 | AX39: =--MID(C39,FIND("до",C39)+3,FIND("грн",C39,FIND("до",C39))-FIND("до",C39)-3) -> #VALUE!
A40: _I | B40: Тимчасове розмiщування й органiзацiя харчування | C40: від 1800000 грн. до 1849999,99 грн. | H40: 245 | I40: 446966.79 | J40: 3362.8038 | K40: 18.2 | P40: 33 | Q40: 60237.569 | R40: 2703.1936 | S40: 0 | T40: =AVERAGE(H36:H40)-AVERAGE(H41:H45) -> 41 | AA40: =IFERROR(AVERAGE(D36:D40)-AVERAGE(D41:D45),"-") -> - | AH40: =IFERROR(AVERAGE(L36:L40)-AVERAGE(L41:L45),"-") -> - | AO40: =AVERAGE(P36:P40)-AVERAGE(P41:P45) -> 4.4 | AW40: =--MID(C40,FIND("від",C40)+4,FIND("грн",C40,FIND("від",C40))-FIND("від",C40)-4) -> 1800000 | AX40: =--MID(C40,FIND("до",C40)+3,FIND("грн",C40,FIND("до",C40))-FIND("до",C40)-3) -> #VALUE!
A41: _I | B41: Тимчасове розмiщування й органiзацiя харчування | C41: від 1850000 грн. до 1899999,99 грн. | H41: 223 | I41: 417913.46 | J41: 3287.9447 | K41: 31.73305 | P41: 24 | Q41: 44965.861 | R41: 2253.7797 | S41: 0 | T41: =AVERAGE(H37:H41)-AVERAGE(H42:H46) -> 32.4 | AA41: =IFERROR(AVERAGE(D37:D41)-AVERAGE(D42:D46),"-") -> - | AH41: =IFERROR(AVERAGE(L37:L41)-AVERAGE(L42:L46),"-") -> - | AO41: =AVERAGE(P37:P41)-AVERAGE(P42:P46) -> 0.8 | AW41: =--MID(C41,FIND("від",C41)+4,FIND("грн",C41,FIND("від",C41))-FIND("від",C41)-4) -> 1850000 | AX41: =--MID(C41,FIND("до",C41)+3,FIND("грн",C41,FIND("до",C41))-FIND("до",C41)-3) -> #VALUE!
A42: _I | B42: Тимчасове розмiщування й органiзацiя харчування | C42: від 1900000 грн. до 1949999,99 грн. | H42: 216 | I42: 415553.93 | J42: 2881.4647 | K42: 17.23 | P42: 26 | Q42: 50052.194 | R42: 2127.1313 | S42: 0 | T42: =AVERAGE(H38:H42)-AVERAGE(H43:H47) -> 18.8 | AA42: =IFERROR(AVERAGE(D38:D42)-AVERAGE(D43:D47),"-") -> - | AH42: =IFERROR(AVERAGE(L38:L42)-AVERAGE(L43:L47),"-") -> -2 | AO42: =AVERAGE(P38:P42)-AVERAGE(P43:P47) -> -1.6 | AW42: =--MID(C42,FIND("від",C42)+4,FIND("грн",C42,FIND("від",C42))-FIND("від",C42)-4) -> 1900000 | AX42: =--MID(C42,FIND("до",C42)+3,FIND("грн",C42,FIND("до",C42))-FIND("до",C42)-3) -> #VALUE!
A43: _I | B43: Тимчасове розмiщування й органiзацiя харчування | C43: від 1950000 грн. до 1999999,99 грн. | H43: 227 | I43: 448356.45 | J43: 3388.1598 | K43: 29.57 | P43: 29 | Q43: 57248.25 | R43: 2422.2857 | S43: 0 | T43: =AVERAGE(H39:H43)-AVERAGE(H44:H48) -> 10.6 | AA43: =IFERROR(AVERAGE(D39:D43)-AVERAGE(D44:D48),"-") -> - | AH43: =IFERROR(AVERAGE(L39:L43)-AVERAGE(L44:L48),"-") -> - | AO43: =AVERAGE(P39:P43)-AVERAGE(P44:P48) -> -2.8 | AW43: =--MID(C43,FIND("від",C43)+4,FIND("грн",C43,FIND("від",C43))-FIND("від",C43)-4) -> 1950000 | AX43: =--MID(C43,FIND("до",C43)+3,FIND("грн",C43,FIND("до",C43))-FIND("до",C43)-3) -> #VALUE!
A44: _I | B44: Тимчасове розмiщування й органiзацiя харчування | C44: від 2000000 грн. до 2049999,99 грн. | H44: 193 | I44: 390578.52 | J44: 2770.7364 | K44: 24.06 | P44: 34 | Q44: 68798.67 | R44: 3019.0048 | S44: 0 | T44: =AVERAGE(H40:H44)-AVERAGE(H45:H49) -> -7.6 | AA44: =IFERROR(AVERAGE(D40:D44)-AVERAGE(D45:D49),"-") -> - | AH44: =IFERROR(AVERAGE(L40:L44)-AVERAGE(L45:L49),"-") -> - | AO44: =AVERAGE(P40:P44)-AVERAGE(P45:P49) -> 1.6 | AW44: =--MID(C44,FIND("від",C44)+4,FIND("грн",C44,FIND("від",C44))-FIND("від",C44)-4) -> 2000000 | AX44: =--MID(C44,FIND("до",C44)+3,FIND("грн",C44,FIND("до",C44))-FIND("до",C44)-3) -> #VALUE!
A45: _I | B45: Тимчасове розмiщування й органiзацiя харчування | C45: від 2050000 грн. до 2099999,99 грн. | H45: 234 | I45: 485872.87 | J45: 3341.7286 | K45: 22.28 | P45: 27 | Q45: 56076.837 | R45: 2386.8517 | S45: 0 | T45: =AVERAGE(H41:H45)-AVERAGE(H46:H50) -> -10.4 | AA45: =IFERROR(AVERAGE(D41:D45)-AVERAGE(D46:D50),"-") -> - | AH45: =IFERROR(AVERAGE(L41:L45)-AVERAGE(L46:L50),"-") -> - | AO45: =AVERAGE(P41:P45)-AVERAGE(P46:P50) -> 1.2 | AW45: =--MID(C45,FIND("від",C45)+4,FIND("грн",C45,FIND("від",C45))-FIND("від",C45)-4) -> 2050000 | AX45: =--MID(C45,FIND("до",C45)+3,FIND("грн",C45,FIND("до",C45))-FIND("до",C45)-3) -> #VALUE!
A46: _I | B46: Тимчасове розмiщування й органiзацiя харчування | C46: від 2100000 грн. до 2149999,99 грн. | H46: 230 | I46: 488728.36 | J46: 3056.3095 | K46: 24.2725 | P46: 29 | Q46: 61584.659 | R46: 2687.6584 | S46: 0 | T46: =AVERAGE(H42:H46)-AVERAGE(H47:H51) -> -2.6 | AA46: =IFERROR(AVERAGE(D42:D46)-AVERAGE(D47:D51),"-") -> - | AH46: =IFERROR(AVERAGE(L42:L46)-AVERAGE(L47:L51),"-") -> - | AO46: =AVERAGE(P42:P46)-AVERAGE(P47:P51) -> 3.4 | AW46: =--MID(C46,FIND("від",C46)+4,FIND("грн",C46,FIND("від",C46))-FIND("від",C46)-4) -> 2100000 | AX46: =--MID(C46,FIND("до",C46)+3,FIND("грн",C46,FIND("до",C46))-FIND("до",C46)-3) -> #VALUE!
A47: _I | B47: Тимчасове розмiщування й органiзацiя харчування | C47: від 2150000 грн. до 2199999,99 грн. | H47: 222 | I47: 482646.11 | J47: 3110.3917 | K47: 23.44 | L47: 3 | M47: 6564.4144 | N47: 208.02776 | O47: 0 | P47: 30 | Q47: 65291.251 | R47: 2268.8083 | S47: 0 | T47: =AVERAGE(H43:H47)-AVERAGE(H48:H52) -> 5 | AA47: =IFERROR(AVERAGE(D43:D47)-AVERAGE(D48:D52),"-") -> - | AH47: =IFERROR(AVERAGE(L43:L47)-AVERAGE(L48:L52),"-") -> 2 | AO47: =AVERAGE(P43:P47)-AVERAGE(P48:P52) -> 4.8 | AW47: =--MID(C47,FIND("від",C47)+4,FIND("грн",C47,FIND("від",C47))-FIND("від",C47)-4) -> 2150000 | AX47: =--MID(C47,FIND("до",C47)+3,FIND("грн",C47,FIND("до",C47))-FIND("до",C47)-3) -> #VALUE!
A48: _I | B48: Тимчасове розмiщування й органiзацiя харчування | C48: від 2200000 грн. до 2249999,99 грн. | H48: 230 | I48: 511515.06 | J48: 3260.3036 | K48: 21.31 | P48: 28 | Q48: 62385.346 | R48: 2677.7056 | S48: 0 | T48: =AVERAGE(H44:H48)-AVERAGE(H49:H53) -> 14 | AA48: =IFERROR(AVERAGE(D44:D48)-AVERAGE(D49:D53),"-") -> - | AH48: =IFERROR(AVERAGE(L44:L48)-AVERAGE(L49:L53),"-") -> 2 | AO48: =AVERAGE(P44:P48)-AVERAGE(P49:P53) -> 5.2 | AW48: =--MID(C48,FIND("від",C48)+4,FIND("грн",C48,FIND("від",C48))-FIND("від",C48)-4) -> 2200000 | AX48: =--MID(C48,FIND("до",C48)+3,FIND("грн",C48,FIND("до",C48))-FIND("до",C48)-3) -> #VALUE!
A49: _I | B49: Тимчасове розмiщування й органiзацiя харчування | C49: від 2250000 грн. до 2299999,99 грн. | H49: 226 | I49: 514124.8 | J49: 3306.0486 | K49: 26.1 | L49: 1 | M49: 2253.2839 | N49: 67.29852 | O49: 0 | P49: 24 | Q49: 54621.417 | R49: 2435.2465 | S49: 0 | T49: =AVERAGE(H45:H49)-AVERAGE(H50:H54) -> 14 | AA49: =IFERROR(AVERAGE(D45:D49)-AVERAGE(D50:D54),"-") -> - | AH49: =IFERROR(AVERAGE(L45:L49)-AVERAGE(L50:L54),"-") -> - | AO49: =AVERAGE(P45:P49)-AVERAGE(P50:P54) -> 3.4 | AW49: =--MID(C49,FIND("від",C49)+4,FIND("грн",C49,FIND("від",C49))-FIND("від",C49)-4) -> 2250000 | AX49: =--MID(C49,FIND("до",C49)+3,FIND("грн",C49,FIND("до",C49))-FIND("до",C49)-3) -> #VALUE!
A50: _I | B50: Тимчасове розмiщування й органiзацiя харчування | C50: від 2300000 грн. до 2349999,99 грн. | H50: 237 | I50: 550989.14 | J50: 3374.6709 | K50: 14.83 | P50: 23 | Q50: 53508.092 | R50: 2408.7635 | S50: 0 | T50: =AVERAGE(H46:H50)-AVERAGE(H51:H55) -> 19 | AA50: =IFERROR(AVERAGE(D46:D50)-AVERAGE(D51:D55),"-") -> - | AH50: =IFERROR(AVERAGE(L46:L50)-AVERAGE(L51:L55),"-") -> - | AO50: =AVERAGE(P46:P50)-AVERAGE(P51:P55) -> 3.2 | AW50: =--MID(C50,FIND("від",C50)+4,FIND("грн",C50,FIND("від",C50))-FIND("від",C50)-4) -> 2300000 | AX50: =--MID(C50,FIND("до",C50)+3,FIND("грн",C50,FIND("до",C50))-FIND("до",C50)-3) -> #VALUE!
A51: _I | B51: Тимчасове розмiщування й органiзацiя харчування | C51: від 2350000 грн. до 2399999,99 грн. | H51: 198 | I51: 470208.54 | J51: 2813.2216 | K51: 20.25 | P51: 23 | Q51: 54686.242 | R51: 2243.7451 | S51: 0 | T51: =AVERAGE(H47:H51)-AVERAGE(H52:H56) -> 11.8 | AA51: =IFERROR(AVERAGE(D47:D51)-AVERAGE(D52:D56),"-") -> - | AH51: =IFERROR(AVERAGE(L47:L51)-AVERAGE(L52:L56),"-") -> - | AO51: =AVERAGE(P47:P51)-AVERAGE(P52:P56) -> 1.4 | AW51: =--MID(C51,FIND("від",C51)+4,FIND("грн",C51,FIND("від",C51))-FIND("від",C51)-4) -> 2350000 | AX51: =--MID(C51,FIND("до",C51)+3,FIND("грн",C51,FIND("до",C51))-FIND("до",C51)-3) -> #VALUE!
A52: _I | B52: Тимчасове розмiщування й органiзацiя харчування | C52: від 2400000 грн. до 2449999,99 грн. | H52: 190 | I52: 460643.91 | J52: 2809.6305 | K52: 12.61 | P52: 27 | Q52: 65528.302 | R52: 2572.066 | S52: 0 | T52: =AVERAGE(H48:H52)-AVERAGE(H53:H57) -> 8.8 | AA52: =IFERROR(AVERAGE(D48:D52)-AVERAGE(D53:D57),"-") -> - | AH52: =IFERROR(AVERAGE(L48:L52)-AVERAGE(L53:L57),"-") -> - | AO52: =AVERAGE(P48:P52)-AVERAGE(P53:P57) -> 1 | AW52: =--MID(C52,FIND("від",C52)+4,FIND("грн",C52,FIND("від",C52))-FIND("від",C52)-4) -> 2400000 | AX52: =--MID(C52,FIND("до",C52)+3,FIND("грн",C52,FIND("до",C52))-FIND("до",C52)-3) -> #VALUE!
A53: _I | B53: Тимчасове розмiщування й органiзацiя харчування | C53: від 2450000 грн. до 2499999,99 грн. | H53: 188 | I53: 465120.6 | J53: 2781.4841 | K53: 21.49 | P53: 25 | Q53: 61993.208 | R53: 2933.5609 | S53: 0 | T53: =AVERAGE(H49:H53)-AVERAGE(H54:H58) -> -3.8 | AA53: =IFERROR(AVERAGE(D49:D53)-AVERAGE(D54:D58),"-") -> - | AH53: =IFERROR(AVERAGE(L49:L53)-AVERAGE(L54:L58),"-") -> - | AO53: =AVERAGE(P49:P53)-AVERAGE(P54:P58) -> 1.4 | AW53: =--MID(C53,FIND("від",C53)+4,FIND("грн",C53,FIND("від",C53))-FIND("від",C53)-4) -> 2450000 | AX53: =--MID(C53,FIND("до",C53)+3,FIND("грн",C53,FIND("до",C53))-FIND("до",C53)-3) -> #VALUE!
A54: _I | B54: Тимчасове розмiщування й органiзацiя харчування | C54: від 2500000 грн. до 2549999,99 грн. | H54: 259 | I54: 653811.9 | J54: 3600.5426 | K54: 28.33 | P54: 23 | Q54: 58157.219 | R54: 2764.7041 | S54: 0 | T54: =AVERAGE(H50:H54)-AVERAGE(H55:H59) -> 10.8 | AA54: =IFERROR(AVERAGE(D50:D54)-AVERAGE(D55:D59),"-") -> - | AH54: =IFERROR(AVERAGE(L50:L54)-AVERAGE(L55:L59),"-") -> - | AO54: =AVERAGE(P50:P54)-AVERAGE(P55:P59) -> 0.8 | AW54: =--MID(C54,FIND("від",C54)+4,FIND("грн",C54,FIND("від",C54))-FIND("від",C54)-4) -> 2500000 | AX54: =--MID(C54,FIND("до",C54)+3,FIND("грн",C54,FIND("до",C54))-FIND("до",C54)-3) -> #VALUE!
A55: _I | B55: Тимчасове розмiщування й органiзацiя харчування | C55: від 2550000 грн. до 2599999,99 грн. | H55: 215 | I55: 553877.37 | J55: 3176.4443 | K55: 16.61 | P55: 20 | Q55: 51534.312 | R55: 2616.0567 | S55: 0 | T55: =AVERAGE(H51:H55)-AVERAGE(H56:H60) -> 5.8 | AA55: =IFERROR(AVERAGE(D51:D55)-AVERAGE(D56:D60),"-") -> - | AH55: =IFERROR(AVERAGE(L51:L55)-AVERAGE(L56:L60),"-") -> - | AO55: =AVERAGE(P51:P55)-AVERAGE(P56:P60) -> -0.8 | AW55: =--MID(C55,FIND("від",C55)+4,FIND("грн",C55,FIND("від",C55))-FIND("від",C55)-4) -> 2550000 | AX55: =--MID(C55,FIND("до",C55)+3,FIND("грн",C55,FIND("до",C55))-FIND("до",C55)-3) -> #VALUE!
A56: _I | B56: Тимчасове розмiщування й органiзацiя харчування | C56: від 2600000 грн. до 2649999,99 грн. | H56: 202 | I56: 530304.09 | J56: 3209.5631 | K56: 18.575 | P56: 26 | Q56: 67996.562 | R56: 2979.2461 | S56: 0 | T56: =AVERAGE(H52:H56)-AVERAGE(H57:H61) -> 6.8 | AA56: =IFERROR(AVERAGE(D52:D56)-AVERAGE(D57:D61),"-") -> - | AH56: =IFERROR(AVERAGE(L52:L56)-AVERAGE(L57:L61),"-") -> - | AO56: =AVERAGE(P52:P56)-AVERAGE(P57:P61) -> 0 | AW56: =--MID(C56,FIND("від",C56)+4,FIND("грн",C56,FIND("від",C56))-FIND("від",C56)-4) -> 2600000 | AX56: =--MID(C56,FIND("до",C56)+3,FIND("грн",C56,FIND("до",C56))-FIND("до",C56)-3) -> #VALUE!
A57: _I | B57: Тимчасове розмiщування й органiзацiя харчування | C57: від 2650000 грн. до 2699999,99 грн. | H57: 173 | I57: 462700.01 | J57: 2613.1471 | K57: 19.36 | P57: 26 | Q57: 69446.141 | R57: 2948.6688 | S57: 0 | T57: =AVERAGE(H53:H57)-AVERAGE(H58:H62) -> 1.2 | AA57: =IFERROR(AVERAGE(D53:D57)-AVERAGE(D58:D62),"-") -> - | AH57: =IFERROR(AVERAGE(L53:L57)-AVERAGE(L58:L62),"-") -> - | AO57: =AVERAGE(P53:P57)-AVERAGE(P58:P62) -> 0.4 | AW57: =--MID(C57,FIND("від",C57)+4,FIND("грн",C57,FIND("від",C57))-FIND("від",C57)-4) -> 2650000 | AX57: =--MID(C57,FIND("до",C57)+3,FIND("грн",C57,FIND("до",C57))-FIND("до",C57)-3) -> #VALUE!
A58: _I | B58: Тимчасове розмiщування й органiзацiя харчування | C58: від 2700000 грн. до 2749999,99 грн. | H58: 209 | I58: 569732.59 | J58: 2927.1803 | K58: 15.36 | P58: 20 | Q58: 54439.609 | R58: 2389.032 | S58: 0 | T58: =AVERAGE(H54:H58)-AVERAGE(H59:H63) -> 6.4 | AA58: =IFERROR(AVERAGE(D54:D58)-AVERAGE(D59:D63),"-") -> - | AH58: =IFERROR(AVERAGE(L54:L58)-AVERAGE(L59:L63),"-") -> - | AO58: =AVERAGE(P54:P58)-AVERAGE(P59:P63) -> -1.6 | AW58: =--MID(C58,FIND("від",C58)+4,FIND("грн",C58,FIND("від",C58))-FIND("від",C58)-4) -> 2700000 | AX58: =--MID(C58,FIND("до",C58)+3,FIND("грн",C58,FIND("до",C58))-FIND("до",C58)-3) -> #VALUE!
A59: _I | B59: Тимчасове розмiщування й органiзацiя харчування | C59: від 2750000 грн. до 2799999,99 грн. | H59: 219 | I59: 607565.78 | J59: 2898.3279 | K59: 28.59 | P59: 25 | Q59: 69331.504 | R59: 3466.2967 | S59: 0 | T59: =AVERAGE(H55:H59)-AVERAGE(H60:H64) -> 3.2 | AA59: =IFERROR(AVERAGE(D55:D59)-AVERAGE(D60:D64),"-") -> - | AH59: =IFERROR(AVERAGE(L55:L59)-AVERAGE(L60:L64),"-") -> - | AO59: =AVERAGE(P55:P59)-AVERAGE(P60:P64) -> -2 | AW59: =--MID(C59,FIND("від",C59)+4,FIND("грн",C59,FIND("від",C59))-FIND("від",C59)-4) -> 2750000 | AX59: =--MID(C59,FIND("до",C59)+3,FIND("грн",C59,FIND("до",C59))-FIND("до",C59)-3) -> #VALUE!
A60: _I | B60: Тимчасове розмiщування й органiзацiя харчування | C60: від 2800000 грн. до 2849999,99 грн. | H60: 218 | I60: 616114.34 | J60: 2974.374 | K60: 19.98 | L60: 1 | M60: 2821.1765 | N60: 82.05219 | O60: 0 | P60: 25 | Q60: 70594.889 | R60: 3294.0973 | S60: 0 | T60: =AVERAGE(H56:H60)-AVERAGE(H61:H65) -> 11.6 | AA60: =IFERROR(AVERAGE(D56:D60)-AVERAGE(D61:D65),"-") -> - | AH60: =IFERROR(AVERAGE(L56:L60)-AVERAGE(L61:L65),"-") -> - | AO60: =AVERAGE(P56:P60)-AVERAGE(P61:P65) -> -0.6 | AW60: =--MID(C60,FIND("від",C60)+4,FIND("грн",C60,FIND("від",C60))-FIND("від",C60)-4) -> 2800000 | AX60: =--MID(C60,FIND("до",C60)+3,FIND("грн",C60,FIND("до",C60))-FIND("до",C60)-3) -> #VALUE!
A61: _I | B61: Тимчасове розмiщування й органiзацiя харчування | C61: від 2850000 грн. до 2899999,99 грн. | H61: 201 | I61: 578026.13 | J61: 2766.8687 | K61: 18.2 | P61: 25 | Q61: 71863.427 | R61: 2993.4168 | S61: 0 | T61: =AVERAGE(H57:H61)-AVERAGE(H62:H66) -> 12 | AA61: =IFERROR(AVERAGE(D57:D61)-AVERAGE(D62:D66),"-") -> - | AH61: =IFERROR(AVERAGE(L57:L61)-AVERAGE(L62:L66),"-") -> - | AO61: =AVERAGE(P57:P61)-AVERAGE(P62:P66) -> 2 | AW61: =--MID(C61,FIND("від",C61)+4,FIND("грн",C61,FIND("від",C61))-FIND("від",C61)-4) -> 2850000 | AX61: =--MID(C61,FIND("до",C61)+3,FIND("грн",C61,FIND("до",C61))-FIND("до",C61)-3) -> #VALUE!
A62: _I | B62: Тимчасове розмiщування й органiзацiя харчування | C62: від 2900000 грн. до 2949999,99 грн. | H62: 184 | I62: 537941.42 | J62: 2599.3416 | K62: 21.31 | P62: 23 | Q62: 67299.921 | R62: 2835.3717 | S62: 0 | T62: =AVERAGE(H58:H62)-AVERAGE(H63:H67) -> 18.6 | AA62: =IFERROR(AVERAGE(D58:D62)-AVERAGE(D63:D67),"-") -> - | AH62: =IFERROR(AVERAGE(L58:L62)-AVERAGE(L63:L67),"-") -> - | AO62: =AVERAGE(P58:P62)-AVERAGE(P63:P67) -> 1.8 | AW62: =--MID(C62,FIND("від",C62)+4,FIND("грн",C62,FIND("від",C62))-FIND("від",C62)-4) -> 2900000 | AX62: =--MID(C62,FIND("до",C62)+3,FIND("грн",C62,FIND("до",C62))-FIND("до",C62)-3) -> #VALUE!
A63: _I | B63: Тимчасове розмiщування й органiзацiя харчування | C63: від 2950000 грн. до 2999999,99 грн. | H63: 204 | I63: 606676.61 | J63: 3287.3328 | K63: 25.96 | P63: 25 | Q63: 74372.026 | R63: 2495.3136 | S63: 0 | T63: =AVERAGE(H59:H63)-AVERAGE(H64:H68) -> 25.6 | AA63: =IFERROR(AVERAGE(D59:D63)-AVERAGE(D64:D68),"-") -> - | AH63: =IFERROR(AVERAGE(L59:L63)-AVERAGE(L64:L68),"-") -> 0 | AO63: =AVERAGE(P59:P63)-AVERAGE(P64:P68) -> 2.6 | AW63: =--MID(C63,FIND("від",C63)+4,FIND("грн",C63,FIND("від",C63))-FIND("від",C63)-4) -> 2950000 | AX63: =--MID(C63,FIND("до",C63)+3,FIND("грн",C63,FIND("до",C63))-FIND("до",C63)-3) -> #VALUE!
A64: _I | B64: Тимчасове розмiщування й органiзацiя харчування | C64: від 3000000 грн. до 3049999,99 грн. | H64: 195 | I64: 589816.19 | J64: 2751.2584 | K64: 28.765 | P64: 29 | Q64: 87798.039 | R64: 3812.33 | S64: 0 | T64: =AVERAGE(H60:H64)-AVERAGE(H65:H69) -> 23.6 | AA64: =IFERROR(AVERAGE(D60:D64)-AVERAGE(D65:D69),"-") -> - | AH64: =IFERROR(AVERAGE(L60:L64)-AVERAGE(L65:L69),"-") -> 0 | AO64: =AVERAGE(P60:P64)-AVERAGE(P65:P69) -> 6.2 | AW64: =--MID(C64,FIND("від",C64)+4,FIND("грн",C64,FIND("від",C64))-FIND("від",C64)-4) -> 3000000 | AX64: =--MID(C64,FIND("до",C64)+3,FIND("грн",C64,FIND("до",C64))-FIND("до",C64)-3) -> #VALUE!
A65: _I | B65: Тимчасове розмiщування й органiзацiя харчування | C65: від 3050000 грн. до 3099999,99 грн. | H65: 179 | I65: 550261.69 | J65: 2420.4926 | K65: 14.21 | P65: 23 | Q65: 70815.848 | R65: 2904.0445 | S65: 0 | T65: =AVERAGE(H61:H65)-AVERAGE(H66:H70) -> 14.2 | AA65: =IFERROR(AVERAGE(D61:D65)-AVERAGE(D66:D70),"-") -> - | AH65: =IFERROR(AVERAGE(L61:L65)-AVERAGE(L66:L70),"-") -> - | AO65: =AVERAGE(P61:P65)-AVERAGE(P66:P70) -> 7.2 | AW65: =--MID(C65,FIND("від",C65)+4,FIND("грн",C65,FIND("від",C65))-FIND("від",C65)-4) -> 3050000 | AX65: =--MID(C65,FIND("до",C65)+3,FIND("грн",C65,FIND("до",C65))-FIND("до",C65)-3) -> #VALUE!
A66: _I | B66: Тимчасове розмiщування й органiзацiя харчування | C66: від 3100000 грн. до 3149999,99 грн. | H66: 198 | I66: 618706.02 | J66: 2897.7977 | K66: 18.2 | P66: 11 | Q66: 34378.872 | R66: 1471.4266 | S66: 0 | T66: =AVERAGE(H62:H66)-AVERAGE(H67:H71) -> 16.4 | AA66: =IFERROR(AVERAGE(D62:D66)-AVERAGE(D67:D71),"-") -> - | AH66: =IFERROR(AVERAGE(L62:L66)-AVERAGE(L67:L71),"-") -> - | AO66: =AVERAGE(P62:P66)-AVERAGE(P67:P71) -> 1.6 | AW66: =--MID(C66,FIND("від",C66)+4,FIND("грн",C66,FIND("від",C66))-FIND("від",C66)-4) -> 3100000 | AX66: =--MID(C66,FIND("до",C66)+3,FIND("грн",C66,FIND("до",C66))-FIND("до",C66)-3) -> #VALUE!
A67: _I | B67: Тимчасове розмiщування й органiзацiя харчування | C67: від 3150000 грн. до 3199999,99 грн. | H67: 162 | I67: 514264.02 | J67: 2341.004 | K67: 15.45 | P67: 21 | Q67: 66578.884 | R67: 3020.9734 | S67: 0 | T67: =AVERAGE(H63:H67)-AVERAGE(H68:H72) -> 11.8 | AA67: =IFERROR(AVERAGE(D63:D67)-AVERAGE(D68:D72),"-") -> - | AH67: =IFERROR(AVERAGE(L63:L67)-AVERAGE(L68:L72),"-") -> - | AO67: =AVERAGE(P63:P67)-AVERAGE(P68:P72) -> 1 | AW67: =--MID(C67,FIND("від",C67)+4,FIND("грн",C67,FIND("від",C67))-FIND("від",C67)-4) -> 3150000 | AX67: =--MID(C67,FIND("до",C67)+3,FIND("грн",C67,FIND("до",C67))-FIND("до",C67)-3) -> #VALUE!
A68: _I | B68: Тимчасове розмiщування й органiзацiя харчування | C68: від 3200000 грн. до 3249999,99 грн. | H68: 164 | I68: 528527.85 | J68: 2350.2331 | K68: 20.77 | L68: 1 | M68: 3224.3438 | N68: 90.01781 | O68: 0 | P68: 26 | Q68: 83961.926 | R68: 3386.1496 | S68: 0 | T68: =AVERAGE(H64:H68)-AVERAGE(H69:H73) -> 1.8 | AA68: =IFERROR(AVERAGE(D64:D68)-AVERAGE(D69:D73),"-") -> - | AH68: =IFERROR(AVERAGE(L64:L68)-AVERAGE(L69:L73),"-") -> - | AO68: =AVERAGE(P64:P68)-AVERAGE(P69:P73) -> 2.4 | AW68: =--MID(C68,FIND("від",C68)+4,FIND("грн",C68,FIND("від",C68))-FIND("від",C68)-4) -> 3200000 | AX68: =--MID(C68,FIND("до",C68)+3,FIND("грн",C68,FIND("до",C68))-FIND("до",C68)-3) -> #VALUE!
A69: _I | B69: Тимчасове розмiщування й органiзацiя харчування | C69: від 3250000 грн. до 3299999,99 грн. | H69: 181 | I69: 592950.37 | J69: 2498.5426 | K69: 26.45864 | P69: 15 | Q69: 49102.646 | R69: 1883.527 | S69: 0 | T69: =AVERAGE(H65:H69)-AVERAGE(H70:H74) -> -0.8 | AA69: =IFERROR(AVERAGE(D65:D69)-AVERAGE(D70:D74),"-") -> - | AH69: =IFERROR(AVERAGE(L65:L69)-AVERAGE(L70:L74),"-") -> - | AO69: =AVERAGE(P65:P69)-AVERAGE(P70:P74) -> -2.6 | AW69: =--MID(C69,FIND("від",C69)+4,FIND("грн",C69,FIND("від",C69))-FIND("від",C69)-4) -> 3250000 | AX69: =--MID(C69,FIND("до",C69)+3,FIND("грн",C69,FIND("до",C69))-FIND("до",C69)-3) -> #VALUE!
A70: _I | B70: Тимчасове розмiщування й органiзацiя харчування | C70: від 3300000 грн. до 3349999,99 грн. | H70: 187 | I70: 621910.09 | J70: 2689.4121 | K70: 23.08 | P70: 16 | Q70: 53203.745 | R70: 1960.1779 | S70: 0 | T70: =AVERAGE(H66:H70)-AVERAGE(H71:H75) -> 8 | AA70: =IFERROR(AVERAGE(D66:D70)-AVERAGE(D71:D75),"-") -> - | AH70: =IFERROR(AVERAGE(L66:L70)-AVERAGE(L71:L75),"-") -> - | AO70: =AVERAGE(P66:P70)-AVERAGE(P71:P75) -> -3.8 | AW70: =--MID(C70,FIND("від",C70)+4,FIND("грн",C70,FIND("від",C70))-FIND("від",C70)-4) -> 3300000 | AX70: =--MID(C70,FIND("до",C70)+3,FIND("грн",C70,FIND("до",C70))-FIND("до",C70)-3) -> #VALUE!
A71: _I | B71: Тимчасове розмiщування й органiзацiя харчування | C71: від 3350000 грн. до 3399999,99 грн. | H71: 184 | I71: 621060.36 | J71: 2566.5738 | K71: 18.11 | P71: 25 | Q71: 84396.88 | R71: 3143.5365 | S71: 0.71 | T71: =AVERAGE(H67:H71)-AVERAGE(H72:H76) -> 9.8 | AA71: =IFERROR(AVERAGE(D67:D71)-AVERAGE(D72:D76),"-") -> - | AH71: =IFERROR(AVERAGE(L67:L71)-AVERAGE(L72:L76),"-") -> - | AO71: =AVERAGE(P67:P71)-AVERAGE(P72:P76) -> 0.6 | AW71: =--MID(C71,FIND("від",C71)+4,FIND("грн",C71,FIND("від",C71))-FIND("від",C71)-4) -> 3350000 | AX71: =--MID(C71,FIND("до",C71)+3,FIND("грн",C71,FIND("до",C71))-FIND("до",C71)-3) -> #VALUE!
A72: _I | B72: Тимчасове розмiщування й органiзацiя харчування | C72: від 3400000 грн. до 3449999,99 грн. | H72: 163 | I72: 558243.16 | J72: 2564.6438 | K72: 19.27 | P72: 22 | Q72: 75387.533 | R72: 2801.4331 | S72: 0 | T72: =AVERAGE(H68:H72)-AVERAGE(H73:H77) -> 7 | AA72: =IFERROR(AVERAGE(D68:D72)-AVERAGE(D73:D77),"-") -> - | AH72: =IFERROR(AVERAGE(L68:L72)-AVERAGE(L73:L77),"-") -> - | AO72: =AVERAGE(P68:P72)-AVERAGE(P73:P77) -> 2 | AW72: =--MID(C72,FIND("від",C72)+4,FIND("грн",C72,FIND("від",C72))-FIND("від",C72)-4) -> 3400000 | AX72: =--MID(C72,FIND("до",C72)+3,FIND("грн",C72,FIND("до",C72))-FIND("до",C72)-3) -> #VALUE!
A73: _I | B73: Тимчасове розмiщування й органiзацiя харчування | C73: від 3450000 грн. до 3499999,99 грн. | H73: 174 | I73: 604570.26 | J73: 2547.2009 | K73: 18.99336 | P73: 20 | Q73: 69434.706 | R73: 3052.0543 | S73: 0 | T73: =AVERAGE(H69:H73)-AVERAGE(H74:H78) -> 7 | AA73: =IFERROR(AVERAGE(D69:D73)-AVERAGE(D74:D78),"-") -> - | AH73: =IFERROR(AVERAGE(L69:L73)-AVERAGE(L74:L78),"-") -> - | AO73: =AVERAGE(P69:P73)-AVERAGE(P74:P78) -> 0.8 | AW73: =--MID(C73,FIND("від",C73)+4,FIND("грн",C73,FIND("від",C73))-FIND("від",C73)-4) -> 3450000 | AX73: =--MID(C73,FIND("до",C73)+3,FIND("грн",C73,FIND("до",C73))-FIND("до",C73)-3) -> #VALUE!
A74: _I | B74: Тимчасове розмiщування й органiзацiя харчування | C74: від 3500000 грн. до 3549999,99 грн. | H74: 180 | I74: 634036.64 | J74: 2537.1352 | K74: 15.54 | P74: 26 | Q74: 91612.369 | R74: 3855.7707 | S74: 0 | T74: =AVERAGE(H70:H74)-AVERAGE(H75:H79) -> 3.4 | AA74: =IFERROR(AVERAGE(D70:D74)-AVERAGE(D75:D79),"-") -> - | AH74: =IFERROR(AVERAGE(L70:L74)-AVERAGE(L75:L79),"-") -> - | AO74: =AVERAGE(P70:P74)-AVERAGE(P75:P79) -> 6.2 | AW74: =--MID(C74,FIND("від",C74)+4,FIND("грн",C74,FIND("від",C74))-FIND("від",C74)-4) -> 3500000 | AX74: =--MID(C74,FIND("до",C74)+3,FIND("грн",C74,FIND("до",C74))-FIND("до",C74)-3) -> #VALUE!
A75: _I | B75: Тимчасове розмiщування й органiзацiя харчування | C75: від 3550000 грн. до 3599999,99 грн. | H75: 151 | I75: 539655.86 | J75: 2126.0146 | K75: 17.76 | P75: 15 | Q75: 53563.902 | R75: 2166.1688 | S75: 0 | T75: =AVERAGE(H71:H75)-AVERAGE(H76:H80) -> -9.2 | AA75: =IFERROR(AVERAGE(D71:D75)-AVERAGE(D76:D80),"-") -> - | AH75: =IFERROR(AVERAGE(L71:L75)-AVERAGE(L76:L80),"-") -> - | AO75: =AVERAGE(P71:P75)-AVERAGE(P76:P80) -> 6.2 | AW75: =--MID(C75,FIND("від",C75)+4,FIND("грн",C75,FIND("від",C75))-FIND("від",C75)-4) -> 3550000 | AX75: =--MID(C75,FIND("до",C75)+3,FIND("грн",C75,FIND("до",C75))-FIND("до",C75)-3) -> #VALUE!
A76: _I | B76: Тимчасове розмiщування й органiзацiя харчування | C76: від 3600000 грн. до 3649999,99 грн. | H76: 161 | I76: 583617.45 | J76: 2420.8354 | K76: 16.78 | P76: 17 | Q76: 61662.969 | R76: 2761.3853 | S76: 0 | T76: =AVERAGE(H72:H76)-AVERAGE(H77:H81) -> -19.6 | AA76: =IFERROR(AVERAGE(D72:D76)-AVERAGE(D77:D81),"-") -> - | AH76: =IFERROR(AVERAGE(L72:L76)-AVERAGE(L77:L81),"-") -> - | AO76: =AVERAGE(P72:P76)-AVERAGE(P77:P81) -> 4.8 | AW76: =--MID(C76,FIND("від",C76)+4,FIND("грн",C76,FIND("від",C76))-FIND("від",C76)-4) -> 3600000 | AX76: =--MID(C76,FIND("до",C76)+3,FIND("грн",C76,FIND("до",C76))-FIND("до",C76)-3) -> #VALUE!
A77: _I | B77: Тимчасове розмiщування й органiзацiя харчування | C77: від 3650000 грн. до 3699999,99 грн. | H77: 178 | I77: 654136.21 | J77: 2463.1905 | K77: 32.32 | P77: 16 | Q77: 58778.885 | R77: 2506.3561 | S77: 0 | T77: =AVERAGE(H73:H77)-AVERAGE(H78:H82) -> -19.2 | AA77: =IFERROR(AVERAGE(D73:D77)-AVERAGE(D78:D82),"-") -> - | AH77: =IFERROR(AVERAGE(L73:L77)-AVERAGE(L78:L82),"-") -> - | AO77: =AVERAGE(P73:P77)-AVERAGE(P78:P82) -> 3.4 | AW77: =--MID(C77,FIND("від",C77)+4,FIND("грн",C77,FIND("від",C77))-FIND("від",C77)-4) -> 3650000 | AX77: =--MID(C77,FIND("до",C77)+3,FIND("грн",C77,FIND("до",C77))-FIND("до",C77)-3) -> #VALUE!
A78: _I | B78: Тимчасове розмiщування й органiзацiя харчування | C78: від 3700000 грн. до 3749999,99 грн. | H78: 184 | I78: 685232.48 | J78: 2544.5832 | K78: 19.99 | L78: 1 | M78: 3713.6787 | N78: 7.08801 | O78: 0 | P78: 20 | Q78: 74571.917 | R78: 2916.6358 | S78: 0 | T78: =AVERAGE(H74:H78)-AVERAGE(H79:H83) -> -14.2 | AA78: =IFERROR(AVERAGE(D74:D78)-AVERAGE(D79:D83),"-") -> - | AH78: =IFERROR(AVERAGE(L74:L78)-AVERAGE(L79:L83),"-") -> - | AO78: =AVERAGE(P74:P78)-AVERAGE(P79:P83) -> 4.4 | AW78: =--MID(C78,FIND("від",C78)+4,FIND("грн",C78,FIND("від",C78))-FIND("від",C78)-4) -> 3700000 | AX78: =--MID(C78,FIND("до",C78)+3,FIND("грн",C78,FIND("до",C78))-FIND("до",C78)-3) -> #VALUE!
A79: _I | B79: Тимчасове розмiщування й органiзацiя харчування | C79: від 3750000 грн. до 3799999,99 грн. | H79: 197 | I79: 743533.95 | J79: 2893.904 | K79: 26.29 | P79: 10 | Q79: 37770.448 | R79: 1312.4696 | S79: 0 | T79: =AVERAGE(H75:H79)-AVERAGE(H80:H84) -> -7.6 | AA79: =IFERROR(AVERAGE(D75:D79)-AVERAGE(D80:D84),"-") -> - | AH79: =IFERROR(AVERAGE(L75:L79)-AVERAGE(L80:L84),"-") -> - | AO79: =AVERAGE(P75:P79)-AVERAGE(P80:P84) -> 0.4 | AW79: =--MID(C79,FIND("від",C79)+4,FIND("грн",C79,FIND("від",C79))-FIND("від",C79)-4) -> 3750000 | AX79: =--MID(C79,FIND("до",C79)+3,FIND("грн",C79,FIND("до",C79))-FIND("до",C79)-3) -> #VALUE!
A80: _I | B80: Тимчасове розмiщування й органiзацiя харчування | C80: від 3800000 грн. до 3849999,99 грн. | H80: 178 | I80: 680705.72 | J80: 2532.1128 | K80: 19.54 | P80: 14 | Q80: 53568.262 | R80: 2302.7001 | S80: 0 | T80: =AVERAGE(H76:H80)-AVERAGE(H81:H85) -> -2.2 | AA80: =IFERROR(AVERAGE(D76:D80)-AVERAGE(D81:D85),"-") -> - | AH80: =IFERROR(AVERAGE(L76:L80)-AVERAGE(L81:L85),"-") -> - | AO80: =AVERAGE(P76:P80)-AVERAGE(P81:P85) -> -0.6 | AW80: =--MID(C80,FIND("від",C80)+4,FIND("грн",C80,FIND("від",C80))-FIND("від",C80)-4) -> 3800000 | AX80: =--MID(C80,FIND("до",C80)+3,FIND("грн",C80,FIND("до",C80))-FIND("до",C80)-3) -> #VALUE!
A81: _I | B81: Тимчасове розмiщування й органiзацiя харчування | C81: від 3850000 грн. до 3899999,99 грн. | H81: 190 | I81: 736418.46 | J81: 2756.1369 | K81: 20.16 | P81: 16 | Q81: 62057.16 | R81: 2449.0183 | S81: 0 | T81: =AVERAGE(H77:H81)-AVERAGE(H82:H86) -> 3.2 | AA81: =IFERROR(AVERAGE(D77:D81)-AVERAGE(D82:D86),"-") -> - | AH81: =IFERROR(AVERAGE(L77:L81)-AVERAGE(L82:L86),"-") -> - | AO81: =AVERAGE(P77:P81)-AVERAGE(P82:P86) -> 0.2 | AW81: =--MID(C81,FIND("від",C81)+4,FIND("грн",C81,FIND("від",C81))-FIND("від",C81)-4) -> 3850000 | AX81: =--MID(C81,FIND("до",C81)+3,FIND("грн",C81,FIND("до",C81))-FIND("до",C81)-3) -> #VALUE!
A82: _I | B82: Тимчасове розмiщування й органiзацiя харчування | C82: від 3900000 грн. до 3949999,99 грн. | H82: 191 | I82: 749902.43 | J82: 2975.4223 | K82: 30.56 | P82: 17 | Q82: 66613.966 | R82: 2659.8054 | S82: 0 | T82: =AVERAGE(H78:H82)-AVERAGE(H83:H87) -> 9 | AA82: =IFERROR(AVERAGE(D78:D82)-AVERAGE(D83:D87),"-") -> - | AH82: =IFERROR(AVERAGE(L78:L82)-AVERAGE(L83:L87),"-") -> - | AO82: =AVERAGE(P78:P82)-AVERAGE(P83:P87) -> 0.2 | AW82: =--MID(C82,FIND("від",C82)+4,FIND("грн",C82,FIND("від",C82))-FIND("від",C82)-4) -> 3900000 | AX82: =--MID(C82,FIND("до",C82)+3,FIND("грн",C82,FIND("до",C82))-FIND("до",C82)-3) -> #VALUE!
A83: _I | B83: Тимчасове розмiщування й органiзацiя харчування | C83: від 3950000 грн. до 3999999,99 грн. | H83: 169 | I83: 671922.82 | J83: 2872.1881 | K83: 14.92 | P83: 15 | Q83: 59591.213 | R83: 2342.6158 | S83: 0 | T83: =AVERAGE(H79:H83)-AVERAGE(H84:H88) -> 2.2 | AA83: =IFERROR(AVERAGE(D79:D83)-AVERAGE(D84:D88),"-") -> - | AH83: =IFERROR(AVERAGE(L79:L83)-AVERAGE(L84:L88),"-") -> - | AO83: =AVERAGE(P79:P83)-AVERAGE(P84:P88) -> -0.8 | AW83: =--MID(C83,FIND("від",C83)+4,FIND("грн",C83,FIND("від",C83))-FIND("від",C83)-4) -> 3950000 | AX83: =--MID(C83,FIND("до",C83)+3,FIND("грн",C83,FIND("до",C83))-FIND("до",C83)-3) -> #VALUE!
A84: _I | B84: Тимчасове розмiщування й органiзацiя харчування | C84: від 4000000 грн. до 4049999,99 грн. | H84: 181 | I84: 728566.79 | J84: 2706.2764 | K84: 18.29 | P84: 14 | Q84: 56344.09 | R84: 2481.974 | S84: 0 | T84: =AVERAGE(H80:H84)-AVERAGE(H85:H89) -> 2.4 | AA84: =IFERROR(AVERAGE(D80:D84)-AVERAGE(D85:D89),"-") -> - | AH84: =IFERROR(AVERAGE(L80:L84)-AVERAGE(L85:L89),"-") -> - | AO84: =AVERAGE(P80:P84)-AVERAGE(P85:P89) -> -0.6 | AW84: =--MID(C84,FIND("від",C84)+4,FIND("грн",C84,FIND("від",C84))-FIND("від",C84)-4) -> 4000000 | AX84: =--MID(C84,FIND("до",C84)+3,FIND("грн",C84,FIND("до",C84))-FIND("до",C84)-3) -> #VALUE!
A85: _I | B85: Тимчасове розмiщування й органiзацiя харчування | C85: від 4050000 грн. до 4099999,99 грн. | H85: 178 | I85: 725492.15 | J85: 2725.8998 | K85: 26.1 | P85: 18 | Q85: 73442.371 | R85: 2739.358 | S85: 0 | T85: =AVERAGE(H81:H85)-AVERAGE(H86:H90) -> 2 | AA85: =IFERROR(AVERAGE(D81:D85)-AVERAGE(D86:D90),"-") -> - | AH85: =IFERROR(AVERAGE(L81:L85)-AVERAGE(L86:L90),"-") -> - | AO85: =AVERAGE(P81:P85)-AVERAGE(P86:P90) -> 0.6 | AW85: =--MID(C85,FIND("від",C85)+4,FIND("грн",C85,FIND("від",C85))-FIND("від",C85)-4) -> 4050000 | AX85: =--MID(C85,FIND("до",C85)+3,FIND("грн",C85,FIND("до",C85))-FIND("до",C85)-3) -> #VALUE!
A86: _I | B86: Тимчасове розмiщування й органiзацiя харчування | C86: від 4100000 грн. до 4149999,99 грн. | H86: 192 | I86: 791697.84 | J86: 2965.0921 | K86: 28.23 | P86: 11 | Q86: 45408.533 | R86: 1539.0792 | S86: 0 | T86: =AVERAGE(H82:H86)-AVERAGE(H87:H91) -> -1.4 | AA86: =IFERROR(AVERAGE(D82:D86)-AVERAGE(D87:D91),"-") -> - | AH86: =IFERROR(AVERAGE(L82:L86)-AVERAGE(L87:L91),"-") -> - | AO86: =AVERAGE(P82:P86)-AVERAGE(P87:P91) -> 0.6 | AW86: =--MID(C86,FIND("від",C86)+4,FIND("грн",C86,FIND("від",C86))-FIND("від",C86)-4) -> 4100000 | AX86: =--MID(C86,FIND("до",C86)+3,FIND("грн",C86,FIND("до",C86))-FIND("до",C86)-3) -> #VALUE!
A87: _I | B87: Тимчасове розмiщування й органiзацiя харчування | C87: від 4150000 грн. до 4199999,99 грн. | H87: 175 | I87: 730666.99 | J87: 2675.1853 | K87: 24.87 | P87: 18 | Q87: 75144.527 | R87: 2665.0734 | S87: 2.257 | T87: =AVERAGE(H83:H87)-AVERAGE(H88:H92) -> -4.2 | AA87: =IFERROR(AVERAGE(D83:D87)-AVERAGE(D88:D92),"-") -> - | AH87: =IFERROR(AVERAGE(L83:L87)-AVERAGE(L88:L92),"-") -> - | AO87: =AVERAGE(P83:P87)-AVERAGE(P88:P92) -> 0.4 | AW87: =--MID(C87,FIND("від",C87)+4,FIND("грн",C87,FIND("від",C87))-FIND("від",C87)-4) -> 4150000 | AX87: =--MID(C87,FIND("до",C87)+3,FIND("грн",C87,FIND("до",C87))-FIND("до",C87)-3) -> #VALUE!
A88: _I | B88: Тимчасове розмiщування й органiзацiя харчування | C88: від 4200000 грн. до 4249999,99 грн. | H88: 188 | I88: 793999.69 | J88: 2745.0621 | K88: 28.41 | P88: 15 | Q88: 63502.648 | R88: 2671.3821 | S88: 0 | T88: =AVERAGE(H84:H88)-AVERAGE(H89:H93) -> -3.4 | AA88: =IFERROR(AVERAGE(D84:D88)-AVERAGE(D89:D93),"-") -> - | AH88: =IFERROR(AVERAGE(L84:L88)-AVERAGE(L89:L93),"-") -> - | AO88: =AVERAGE(P84:P88)-AVERAGE(P89:P93) -> 1 | AW88: =--MID(C88,FIND("від",C88)+4,FIND("грн",C88,FIND("від",C88))-FIND("від",C88)-4) -> 4200000 | AX88: =--MID(C88,FIND("до",C88)+3,FIND("грн",C88,FIND("до",C88))-FIND("до",C88)-3) -> #VALUE!
A89: _I | B89: Тимчасове розмiщування й органiзацiя харчування | C89: від 4250000 грн. до 4299999,99 грн. | H89: 164 | I89: 701293.19 | J89: 2315.186 | K89: 19.02 | P89: 17 | Q89: 72817.866 | R89: 3140.6121 | S89: 0 | T89: =AVERAGE(H85:H89)-AVERAGE(H90:H94) -> -15.6 | AA89: =IFERROR(AVERAGE(D85:D89)-AVERAGE(D90:D94),"-") -> - | AH89: =IFERROR(AVERAGE(L85:L89)-AVERAGE(L90:L94),"-") -> - | AO89: =AVERAGE(P85:P89)-AVERAGE(P90:P94) -> 2.2 | AW89: =--MID(C89,FIND("від",C89)+4,FIND("грн",C89,FIND("від",C89))-FIND("від",C89)-4) -> 4250000 | AX89: =--MID(C89,FIND("до",C89)+3,FIND("грн",C89,FIND("до",C89))-FIND("до",C89)-3) -> #VALUE!
A90: _I | B90: Тимчасове розмiщування й органiзацiя харчування | C90: від 4300000 грн. до 4349999,99 грн. | H90: 180 | I90: 778601.54 | J90: 2646.6327 | K90: 23.27 | P90: 16 | Q90: 69265.316 | R90: 3014.8701 | S90: 0 | T90: =AVERAGE(H86:H90)-AVERAGE(H91:H95) -> -17 | AA90: =IFERROR(AVERAGE(D86:D90)-AVERAGE(D91:D95),"-") -> - | AH90: =IFERROR(AVERAGE(L86:L90)-AVERAGE(L91:L95),"-") -> - | AO90: =AVERAGE(P86:P90)-AVERAGE(P91:P95) -> 3 | AW90: =--MID(C90,FIND("від",C90)+4,FIND("грн",C90,FIND("від",C90))-FIND("від",C90)-4) -> 4300000 | AX90: =--MID(C90,FIND("до",C90)+3,FIND("грн",C90,FIND("до",C90))-FIND("до",C90)-3) -> #VALUE!
A91: _I | B91: Тимчасове розмiщування й органiзацiя харчування | C91: від 4350000 грн. до 4399999,99 грн. | H91: 211 | I91: 922810.18 | J91: 3058.2937 | K91: 43.07 | P91: 6 | Q91: 26262.606 | R91: 1156.3431 | S91: 0 | T91: =AVERAGE(H87:H91)-AVERAGE(H92:H96) -> -11.4 | AA91: =IFERROR(AVERAGE(D87:D91)-AVERAGE(D92:D96),"-") -> - | AH91: =IFERROR(AVERAGE(L87:L91)-AVERAGE(L92:L96),"-") -> - | AO91: =AVERAGE(P87:P91)-AVERAGE(P92:P96) -> 0.4 | AW91: =--MID(C91,FIND("від",C91)+4,FIND("грн",C91,FIND("від",C91))-FIND("від",C91)-4) -> 4350000 | AX91: =--MID(C91,FIND("до",C91)+3,FIND("грн",C91,FIND("до",C91))-FIND("до",C91)-3) -> #VALUE!
A92: _I | B92: Тимчасове розмiщування й органiзацiя харчування | C92: від 4400000 грн. до 4449999,99 грн. | H92: 173 | I92: 765430.88 | J92: 2477.6207 | K92: 15.985 | L92: 1 | M92: 4415.8323 | N92: 126.14218 | O92: 0 | P92: 20 | Q92: 88493.789 | R92: 4042.0124 | S92: 0 | T92: =AVERAGE(H88:H92)-AVERAGE(H93:H97) -> -19.8 | AA92: =IFERROR(AVERAGE(D88:D92)-AVERAGE(D93:D97),"-") -> - | AH92: =IFERROR(AVERAGE(L88:L92)-AVERAGE(L93:L97),"-") -> 0 | AO92: =AVERAGE(P88:P92)-AVERAGE(P93:P97) -> 1.2 | AW92: =--MID(C92,FIND("від",C92)+4,FIND("грн",C92,FIND("від",C92))-FIND("від",C92)-4) -> 4400000 | AX92: =--MID(C92,FIND("до",C92)+3,FIND("грн",C92,FIND("до",C92))-FIND("до",C92)-3) -> #VALUE!
A93: _I | B93: Тимчасове розмiщування й органiзацiя харчування | C93: від 4450000 грн. до 4499999,99 грн. | H93: 203 | I93: 908351.45 | J93: 3270.4763 | K93: 28.865 | P93: 12 | Q93: 53720.409 | R93: 1626.1846 | S93: 0 | T93: =AVERAGE(H89:H93)-AVERAGE(H94:H98) -> -14.8 | V93: тис. грн | AA93: =IFERROR(AVERAGE(D89:D93)-AVERAGE(D94:D98),"-") -> - | AH93: =IFERROR(AVERAGE(L89:L93)-AVERAGE(L94:L98),"-") -> 0 | AO93: =AVERAGE(P89:P93)-AVERAGE(P94:P98) -> -0.8 | AP93: =AVERAGE(P89:P93) -> 14.2 | AQ93: =AVERAGE($AW93:$AX93)/1000 -> #VALUE! | AR93: =IF(AO93<-0.4,AP93*AQ93,0) -> #VALUE! | AS93: =IF(AR93=0,0,Q93) -> #VALUE! | AT93: =AS93-AR93 -> #VALUE! | AW93: =--MID(C93,FIND("від",C93)+4,FIND("грн",C93,FIND("від",C93))-FIND("від",C93)-4) -> 4450000 | AX93: =--MID(C93,FIND("до",C93)+3,FIND("грн",C93,FIND("до",C93))-FIND("до",C93)-3) -> #VALUE!
A94: _I | B94: Тимчасове розмiщування й органiзацiя харчування | C94: від 4500000 грн. до 4549999,99 грн. | H94: 208 | I94: 940882.8 | J94: 3076.9754 | K94: 31.43 | L94: 1 | M94: 4508.7463 | N94: 143.67878 | O94: 0 | P94: 14 | Q94: 63309.173 | R94: 2544.943 | S94: 0 | T94: =AVERAGE(H90:H94)-AVERAGE(H95:H99) -> 1.2 | U94: ФОП-ів теоретично | V94: Середня виручка | W94: Сумарна виручка в теорії | X94: Виручка на практиці | Y94: Аномалія понад нормою | AA94: =IFERROR(AVERAGE(D90:D94)-AVERAGE(D95:D99),"-") -> - | AH94: =IFERROR(AVERAGE(L90:L94)-AVERAGE(L95:L99),"-") -> - | AO94: =AVERAGE(P90:P94)-AVERAGE(P95:P99) -> -1.8 | AP94: =AP93 -> 14.2 | AQ94: =AVERAGE($AW94:$AX94)/1000 -> #VALUE! | AR94: =IF(AO94<-0.4,AP94*AQ94,0) -> #VALUE! | AS94: =IF(AR94=0,0,Q94) -> #VALUE! | AT94: =AS94-AR94 -> #VALUE! | AU94: =AQ94-AQ93 -> #VALUE! | AW94: =--MID(C94,FIND("від",C94)+4,FIND("грн",C94,FIND("від",C94))-FIND("від",C94)-4) -> 4500000 | AX94: =--MID(C94,FIND("до",C94)+3,FIND("грн",C94,FIND("до",C94))-FIND("до",C94)-3) -> #VALUE!
A95: _I | B95: Тимчасове розмiщування й органiзацiя харчування | C95: від 4550000 грн. до 4599999,99 грн. | H95: 189 | I95: 864660.41 | J95: 2681.1805 | K95: 19.36 | P95: 10 | Q95: 45762.376 | R95: 1893.5179 | S95: 0 | T95: =AVERAGE(H91:H95)-AVERAGE(H96:H100) -> -2.8 | U95: =AVERAGE(H90:H94) -> 195 | V95: 4575 | W95: =U95*V95 -> 892125 | X95: =I95 -> 864660.41 | Y95: =X95-W95 -> -27464.588 | AA95: =IFERROR(AVERAGE(D91:D95)-AVERAGE(D96:D100),"-") -> - | AH95: =IFERROR(AVERAGE(L91:L95)-AVERAGE(L96:L100),"-") -> - | AO95: =AVERAGE(P91:P95)-AVERAGE(P96:P100) -> -3.4 | AP95: =AP94 -> 14.2 | AQ95: =AVERAGE($AW95:$AX95)/1000 -> #VALUE! | AR95: =IF(AO95<-0.4,AP95*AQ95,0) -> #VALUE! | AS95: =IF(AR95=0,0,Q95) -> #VALUE! | AT95: =AS95-AR95 -> #VALUE! | AU95: =AQ95-AQ94 -> #VALUE! | AW95: =--MID(C95,FIND("від",C95)+4,FIND("грн",C95,FIND("від",C95))-FIND("від",C95)-4) -> 4550000 | AX95: =--MID(C95,FIND("до",C95)+3,FIND("грн",C95,FIND("до",C95))-FIND("до",C95)-3) -> #VALUE!
A96: _I | B96: Тимчасове розмiщування й органiзацiя харчування | C96: від 4600000 грн. до 4649999,99 грн. | H96: 202 | I96: 934282.72 | J96: 3156.447 | K96: 19.53 | P96: 14 | Q96: 64727.986 | R96: 2275.2358 | S96: 0 | T96: =AVERAGE(H92:H96)-AVERAGE(H97:H101) -> -9.6 | U96: 195 | V96: =V95+50 -> 4625 | W96: =U96*V96 -> 901875 | X96: =I96 -> 934282.72 | Y96: =X96-W96 -> 32407.72 | AA96: =IFERROR(AVERAGE(D92:D96)-AVERAGE(D97:D101),"-") -> - | AH96: =IFERROR(AVERAGE(L92:L96)-AVERAGE(L97:L101),"-") -> - | AO96: =AVERAGE(P92:P96)-AVERAGE(P97:P101) -> -1.6 | AP96: =AP95 -> 14.2 | AQ96: =AVERAGE($AW96:$AX96)/1000 -> #VALUE! | AR96: =IF(AO96<-0.4,AP96*AQ96,0) -> #VALUE! | AS96: =IF(AR96=0,0,Q96) -> #VALUE! | AT96: =AS96-AR96 -> #VALUE! | AU96: =AQ96-AQ95 -> #VALUE! | AW96: =--MID(C96,FIND("від",C96)+4,FIND("грн",C96,FIND("від",C96))-FIND("від",C96)-4) -> 4600000 | AX96: =--MID(C96,FIND("до",C96)+3,FIND("грн",C96,FIND("до",C96))-FIND("до",C96)-3) -> #VALUE!
A97: _I | B97: Тимчасове розмiщування й органiзацiя харчування | C97: від 4650000 грн. до 4699999,99 грн. | H97: 213 | I97: 995938.72 | J97: 3173.6843 | K97: 19.8 | P97: 18 | Q97: 84189.875 | R97: 3393.878 | S97: 0 | T97: =AVERAGE(H93:H97)-AVERAGE(H98:H102) -> -11.6 | U97: 195 | V97: =V96+50 -> 4675 | W97: =U97*V97 -> 911625 | X97: =I97 -> 995938.72 | Y97: =X97-W97 -> 84313.717 | AA97: =IFERROR(AVERAGE(D93:D97)-AVERAGE(D98:D102),"-") -> - | AH97: =IFERROR(AVERAGE(L93:L97)-AVERAGE(L98:L102),"-") -> - | AO97: =AVERAGE(P93:P97)-AVERAGE(P98:P102) -> -1.4 | AP97: =AP96 -> 14.2 | AQ97: =AVERAGE($AW97:$AX97)/1000 -> #VALUE! | AR97: =IF(AO97<-0.4,AP97*AQ97,0) -> #VALUE! | AS97: =IF(AR97=0,0,Q97) -> #VALUE! | AT97: =AS97-AR97 -> #VALUE! | AU97: =AQ97-AQ96 -> #VALUE! | AW97: =--MID(C97,FIND("від",C97)+4,FIND("грн",C97,FIND("від",C97))-FIND("від",C97)-4) -> 4650000 | AX97: =--MID(C97,FIND("до",C97)+3,FIND("грн",C97,FIND("до",C97))-FIND("до",C97)-3) -> #VALUE!
A98: _I | B98: Тимчасове розмiщування й органiзацiя харчування | C98: від 4700000 грн. до 4749999,99 грн. | H98: 193 | I98: 911978.95 | J98: 2808.0152 | K98: 24.17638 | P98: 19 | Q98: 89743.532 | R98: 2785.0476 | S98: 0 | T98: =AVERAGE(H94:H98)-AVERAGE(H99:H103) -> -31.2 | U98: 195 | V98: =V97+50 -> 4725 | W98: =U98*V98 -> 921375 | X98: =I98 -> 911978.95 | Y98: =X98-W98 -> -9396.0526 | AA98: =IFERROR(AVERAGE(D94:D98)-AVERAGE(D99:D103),"-") -> - | AH98: =IFERROR(AVERAGE(L94:L98)-AVERAGE(L99:L103),"-") -> - | AO98: =AVERAGE(P94:P98)-AVERAGE(P99:P103) -> -0.4 | AP98: =AP97 -> 14.2 | AQ98: =AVERAGE($AW98:$AX98)/1000 -> #VALUE! | AR98: =IF(AO98<-0.4,AP98*AQ98,0) -> 0 | AS98: =IF(AR98=0,0,Q98) -> 0 | AT98: =AS98-AR98 -> 0 | AU98: =AQ98-AQ97 -> #VALUE! | AW98: =--MID(C98,FIND("від",C98)+4,FIND("грн",C98,FIND("від",C98))-FIND("від",C98)-4) -> 4700000 | AX98: =--MID(C98,FIND("до",C98)+3,FIND("грн",C98,FIND("до",C98))-FIND("до",C98)-3) -> #VALUE!
A99: _I | B99: Тимчасове розмiщування й органiзацiя харчування | C99: від 4750000 грн. до 4799999,99 грн. | H99: 172 | I99: 821507.73 | J99: 2553.4412 | K99: 14.3 | P99: 16 | Q99: 76414.782 | R99: 2928.4246 | S99: 0.71 | T99: =AVERAGE(H95:H99)-AVERAGE(H100:H104) -> -55.2 | U99: 195 | V99: =V98+50 -> 4775 | W99: =U99*V99 -> 931125 | X99: =I99 -> 821507.73 | Y99: =X99-W99 -> -109617.27 | AA99: =IFERROR(AVERAGE(D95:D99)-AVERAGE(D100:D104),"-") -> - | AH99: =IFERROR(AVERAGE(L95:L99)-AVERAGE(L100:L104),"-") -> - | AO99: =AVERAGE(P95:P99)-AVERAGE(P100:P104) -> 0.4 | AP99: =AP98 -> 14.2 | AQ99: =AVERAGE($AW99:$AX99)/1000 -> #VALUE! | AR99: =IF(AO99<-0.4,AP99*AQ99,0) -> 0 | AS99: =IF(AR99=0,0,Q99) -> 0 | AT99: =AS99-AR99 -> 0 | AU99: =AQ99-AQ98 -> #VALUE! | AW99: =--MID(C99,FIND("від",C99)+4,FIND("грн",C99,FIND("від",C99))-FIND("від",C99)-4) -> 4750000 | AX99: =--MID(C99,FIND("до",C99)+3,FIND("грн",C99,FIND("до",C99))-FIND("до",C99)-3) -> #VALUE!
A100: _I | B100: Тимчасове розмiщування й органiзацiя харчування | C100: від 4800000 грн. до 4849999,99 грн. | H100: 218 | I100: 1051749.1 | J100: 3360.713 | K100: 21.85 | P100: 12 | Q100: 57931.386 | R100: 2515.4688 | S100: 3.0674 | T100: =AVERAGE(H96:H100)-AVERAGE(H101:H105) -> -55.2 | U100: 195 | V100: =V99+50 -> 4825 | W100: =U100*V100 -> 940875 | X100: =I100 -> 1051749.1 | Y100: =X100-W100 -> 110874.09 | AA100: =IFERROR(AVERAGE(D96:D100)-AVERAGE(D101:D105),"-") -> - | AH100: =IFERROR(AVERAGE(L96:L100)-AVERAGE(L101:L105),"-") -> - | AO100: =AVERAGE(P96:P100)-AVERAGE(P101:P105) -> -2 | AP100: =AP99 -> 14.2 | AQ100: =AVERAGE($AW100:$AX100)/1000 -> #VALUE! | AR100: =IF(AO100<-0.4,AP100*AQ100,0) -> #VALUE! | AS100: =IF(AR100=0,0,Q100) -> #VALUE! | AT100: =AS100-AR100 -> #VALUE! | AU100: =AQ100-AQ99 -> #VALUE! | AW100: =--MID(C100,FIND("від",C100)+4,FIND("грн",C100,FIND("від",C100))-FIND("від",C100)-4) -> 4800000 | AX100: =--MID(C100,FIND("до",C100)+3,FIND("грн",C100,FIND("до",C100))-FIND("до",C100)-3) -> #VALUE!
...

Sheet Sheet2
A1: І група
A3: Інтервал обороту, млн грн | B3: Кількість ФОПів
A4: <0,05-0,1 | B4: =SUM(_I!D4:D5) -> 46
A5: 0,1-0,2 | B5: =SUM(_I!D6:D7) -> 23
A6: 0,2-0,3 | B6: =SUM(_I!D8:D9) -> 12
A7: 0,3-0,4 | B7: =SUM(_I!D10:D11) -> 6
A8: 0,4-0,5 | B8: =SUM(_I!D12:D13) -> 4
A9: 0,5-0,6 | B9: =SUM(_I!D14:D15) -> 6
A10: 0,6-0,7 | B10: =SUM(_I!D16:D17) -> 6
A11: 0,7-0,8 | B11: =SUM(_I!D18:D19) -> 6
A12: 0,8-0,9 | B12: =SUM(_I!D20:D21) -> 7
A13: 0,9-1 | B13: =SUM(_I!D22:D23) -> 15
A14: 1-1,1 | B14: =SUM(_I!D24:D25) -> 3
A15: 1,1-1,2 | B15: =SUM(_I!D26:D27) -> 5
A16: 1,2->1,3 | B16: =SUM(_I!D28:D197) -> 0
A19: ІI група
A21: Інтервал обороту, млн грн | B21: Кількість ФОПів
A22: <0,05-0,5 | B22: =SUM(_I!H4:H13) -> 8064
A23: 0,5-1 | B23: =SUM(_I!H14:H23) -> 3864
A24: 1-1,5 | B24: =SUM(_I!H24:H33) -> 3096
A25: 1,5-2 | B25: =SUM(_I!H34:H43) -> 2508
A26: 2-2,5 | B26: =SUM(_I!H44:H53) -> 2148
A27: 2,5-3 | B27: =SUM(_I!H54:H63) -> 2084
A28: 3-3,5 | B28: =SUM(_I!H64:H73) -> 1787
A29: 3,5-4 | B29: =SUM(_I!H74:H83) -> 1779
A30: 4-4,5 | B30: =SUM(_I!H84:H93) -> 1845
A31: 4,5-5 | B31: =SUM(_I!H94:H103) -> 2166
A32: 5-5,5 | B32: =SUM(_I!H104:H113) -> 3461
A33: 5,5-6 | B33: =SUM(_I!H114:H123) -> 8057
A34: 6-6,5 | B34: =SUM(_I!H124:H133) -> 177
A35: 6,5-7 | B35: =SUM(_I!H134:H143) -> 40
A36: 7-7,5 | B36: =SUM(_I!H144:H153) -> 11
A37: 7,5->8 | B37: =SUM(_I!H154:H197) -> 14
A40: ІII група. Платники ПДВ
A42: Інтервал обороту, млн грн | B42: Кількість ФОПів
A43: <0,05-0,5 | B43: =SUM(_I!L4:L13) -> 18
A44: 0,5-1 | B44: =SUM(_I!L14:L23) -> 1
A45: 1-1,5 | B45: =SUM(_I!L24:L33) -> 3
A46: 1,5-2 | B46: =SUM(_I!L34:L43) -> 2
A47: 2-2,5 | B47: =SUM(_I!L44:L53) -> 4
A48: 2,5-3 | B48: =SUM(_I!L54:L63) -> 1
A49: 3-3,5 | B49: =SUM(_I!L64:L73) -> 1
A50: 3,5-4 | B50: =SUM(_I!L74:L83) -> 1
A51: 4-4,5 | B51: =SUM(_I!L84:L93) -> 1
A52: 4,5-5 | B52: =SUM(_I!L94:L103) -> 1
A53: 5-5,5 | B53: =SUM(_I!L104:L113) -> 1
A54: 5,5-6 | B54: =SUM(_I!L114:L123) -> 2
A55: 6-6,5 | B55: =SUM(_I!L124:L133) -> 0
A56: 6,5-7 | B56: =SUM(_I!L134:L143) -> 0
A57: 7-7,5 | B57: =SUM(_I!L144:L153) -> 0
A58: 7,5-8 | B58: =SUM(_I!L154:L163) -> 0
A59: 8-8,5 | B59: =SUM(_I!L164:L173) -> 1
A60: 8,5->9 | B60: =SUM(_I!L174:L197) -> 0
A64: ІII група. Не платники ПДВ
A66: Інтервал обороту, млн грн | B66: Кількість ФОПів
A67: <0,05-0,5 | B67: =SUM(_I!P4:P13) -> 4625
A68: 0,5-1 | B68: =SUM(_I!P14:P23) -> 849
A69: 1-1,5 | B69: =SUM(_I!P24:P33) -> 539
A70: 1,5-2 | B70: =SUM(_I!P34:P43) -> 320
A71: 2-2,5 | B71: =SUM(_I!P44:P53) -> 270
A72: 2,5-3 | B72: =SUM(_I!P54:P63) -> 238
A73: 3-3,5 | B73: =SUM(_I!P64:P73) -> 208
A74: 3,5-4 | B74: =SUM(_I!P74:P83) -> 166
A75: 4-4,5 | B75: =SUM(_I!P84:P93) -> 147
A76: 4,5-5 | B76: =SUM(_I!P94:P103) -> 152
A77: 5-5,5 | B77: =SUM(_I!P104:P113) -> 244
A78: 5,5-6 | B78: =SUM(_I!P114:P123) -> 487
A79: 6-6,5 | B79: =SUM(_I!P124:P133) -> 195
A80: 6,5-7 | B80: =SUM(_I!P134:P143) -> 156
A81: 7-7,5 | B81: =SUM(_I!P144:P153) -> 179
A82: 7,5-8 | B82: =SUM(_I!P154:P163) -> 343
A83: 8-8,5 | B83: =SUM(_I!P164:P173) -> 547
A84: 8,5->9 | B84: =SUM(_I!P174:P197) -> 22
